rasm_fayl_nomi;id;kategoriya;mahsulot_nomi
1.png;1;Chips va gazaklar;Sardor Semichka 100gr
2.png;2;Chips va gazaklar;Sardor Semichka 150gr
3.png;3;Chips va gazaklar;Sardor Semichka 200gr
4.png;4;Shirinliklar;Iris Sendwich mini
5.png;5;Shirinliklar;Iris Sandwich mix
6.png;6;Shirinliklar;Iris Gamburger va sendchichlar
7.png;7;Kolbasa va go'sht;Sherin Canada Sasiska
8.png;8;Boshqa;Min Jour 2kg
9.png;9;Souslar va yog'lar;Chimboy Mayanez 900ml
10.png;10;Souslar va yog'lar;Chigatoy Mayanez 900ml
11.png;11;Ichimliklar;Toshkent Miniral Sport 05L
12.png;12;Sut mahsulotlari;Kefir 2.5% MP900gr
13.png;13;Sut mahsulotlari;Rashmilk Masla 500gr
14.png;14;Sut mahsulotlari;Rashmilk Masla 200gr
15.png;15;Sut mahsulotlari;Molli Yogurt Baklashka
16.png;16;Sut mahsulotlari;Miro Yogurt Baklashka
17.png;17;Sut mahsulotlari;Molli Stakan Yogurt
18.png;18;Sut mahsulotlari;Lulu Yogurt
19.png;19;Sut mahsulotlari;Miro Yogurt Stakan Mix
20.png;20;Bir martalik idish;Toothpick
21.png;21;Gigiena;Bamboo ToothPics
22.png;22;Bir martalik idish;Vicon Zubachist 30talik
23.png;23;Bir martalik idish;Shpashka 50talik
24.png;24;Muzqaymoq;Muzqaymoq qoshiq 50talik
25.png;25;Bir martalik idish;Trubochki 80ta
26.png;26;Gigiena;Salfetka Qalin
27.png;27;Gigiena;Salfetka Gulli
28.png;28;Bir martalik idish;Piki dlya Fruktov
29.png;29;Gigiena;Niso Classic White
30.png;30;Souslar va yog'lar;Jemchug Perchatka
31.png;31;Uy-ro'zg'or;Rangli Skotch Katta
32.png;32;Uy-ro'zg'or;Skotch 36x50
33.png;33;Uy-ro'zg'or;Skotch 36x30
34.png;34;Uy-ro'zg'or;Skotch 3.6x20
35.png;35;Uy-ro'zg'or;Skotch 4.5x50
36.png;36;Uy-ro'zg'or;Skotch 4.5x30
37.png;37;Uy-ro'zg'or;Skotch 4.5x20
38.png;38;Uy-ro'zg'or;Skotch o'rta
39.png;39;Uy-ro'zg'or;Skotch kichik
40.png;40;Bir martalik idish;Tarelka Qog'ozli
41.png;41;Bir martalik idish;Sovg'a Karobka 55x45
42.png;42;Bir martalik idish;Sovg'a Karobka 50x40
43.png;43;Bir martalik idish;Sovg'a Karobka 30x40
44.png;44;Bir martalik idish;Sovg'a Karobka 26x12
45.png;45;Bir martalik idish;Sovg'a Karobka 26x32
46.png;46;Bir martalik idish;Sovg'a Karobka 23x10
47.png;47;Bir martalik idish;Sovg'a Karobka 15x7
48.png;48;Non va tuxum;Bedana Tuxum 20
49.png;49;Souslar va yog'lar;Qanot Paxta Yog 5l
50.png;50;Souslar va yog'lar;Avedov Pista Yogi 1l
51.png;51;Boshqa;Sochnaya Dolina mix 1L
52.png;52;Ichimliklar;Aksoy 0.5L
53.png;53;Ichimliklar;Bonaqua 0.5L
54.png;54;Ichimliklar;Chopakli choy 0.5L
55.png;55;Ichimliklar;Asu 0.5L
56.png;56;Ichimliklar;Asu 1L
57.png;57;Ichimliklar;Lipton 1.5L
58.png;58;Ichimliklar;Chortoq 1.5l
59.png;59;Ichimliklar;Chortoq 05
60.png;60;Ichimliklar;Dinay 1L Mix
61.png;61;Chips va gazaklar;Cheers Chips 210gr
62.png;62;Chips va gazaklar;Cheers Chips 130gr
63.png;63;Chips va gazaklar;Cheers Chips 70gr
64.png;64;Chips va gazaklar;Cheers Chips 27gr
65.png;65;Chips va gazaklar;Cheers Chips 45gr
66.png;66;Sut mahsulotlari;Sharqona Qurt Idish 40gr
67.png;67;Chips va gazaklar;Cheetos 26gr
68.png;68;Souslar va yog'lar;Maxeev Mayonez 190gr
69.png;69;Souslar va yog'lar;Maxeev Mayonez 380gr
70.png;70;Souslar va yog'lar;Maxeev Mayonez 190gr
71.png;71;Souslar va yog'lar;Maxeev Mayonez 380gr
72.png;72;Souslar va yog'lar;Maxeev Mayonez 190gr
73.png;73;Souslar va yog'lar;Maxeev Adjika 190gr
74.png;74;Souslar va yog'lar;Maxeev Gorchitsa 190gr
75.png;75;Souslar va yog'lar;Maxeev Mayonez 380gr
76.png;76;Souslar va yog'lar;Maxeev Mayonez 190gr
77.png;77;Souslar va yog'lar;Maxeev Mayonez 380gr
78.png;78;Souslar va yog'lar;Maxeev Djem 400gr
79.png;79;Souslar va yog'lar;Maxeev Ketchup 300gr
80.png;80;Souslar va yog'lar;Maxeev Mayonez Paqir 800gr
81.png;81;Shirinliklar;Musa Briquette
82.png;82;Boshqa;badiroq dona
83.png;83;Kolbasa va go'sht;King Lamb 400gr
84.png;84;Ichimliklar;Albeni Chokolata 93gr
85.png;85;Sut mahsulotlari;Albeni Sutli 175gr
86.png;86;Shirinliklar;Albei Kakao 175gr
87.png;87;Shirinliklar;Albeni Round 240gr
88.png;88;Shirinliklar;Albeni Bites 72gr
89.png;89;Shirinliklar;Albeni Bites 180gr
90.png;90;Shirinliklar;YJF Ossobiy
91.png;91;Shirinliklar;YJF Ossobiy
92.png;92;Shirinliklar;YJF Tostirniy 600gr
93.png;93;Shirinliklar;YJF Bez Saxar
94.png;94;Shirinliklar;YJF Avstriskiy
95.png;95;Shirinliklar;YJF Bananli Keks 300gr
96.png;96;Shirinliklar;YJF Klassik Keks 300gr
97.png;97;Shirinliklar;YJF Rulet 300gr
98.png;98;Shirinliklar;YJF Best Keks 250gr
99.png;99;Sut mahsulotlari;Bomazza Yogurt 110gr Mix
100.png;100;Shirinliklar;YJF Seva 120gr
101.png;101;Shirinliklar;Biskivit Keks
102.png;102;Souslar va yog'lar;YJF Nachinka
103.png;103;Shirinliklar;YJF mini tort
104.png;104;Muzqaymoq;Malina Ice cream
105.png;105;Muzqaymoq;Saber Ice cream
106.png;106;Boshqa;Ice Gold
107.png;107;Muzqaymoq;Pops Ice cream
108.png;108;Muzqaymoq;Italiano Ice cream
109.png;109;Muzqaymoq;Gold Ice cream
110.png;110;Muzqaymoq;Steak Ice cream
111.png;111;Muzqaymoq;Steak Ice cream
112.png;112;Boshqa;Atlas Dubai
113.png;113;Muzqaymoq;Sabzi Ice cream
114.png;114;Boshqa;Gold 0.5kg
115.png;115;Muzqaymoq;Papino Ice cream
116.png;116;Ichimliklar;Chortoq Carvon
117.png;117;Muzqaymoq;Papito Ice cream
118.png;118;Muzqaymoq;Dadu Ice cream
119.png;119;Muzqaymoq;Piramida Ice cream
120.png;120;Muzqaymoq;Anjan Ice cream
121.png;121;Muzqaymoq;Ccr Rajok
122.png;122;Muzqaymoq;Dubay Pista Ice cream
123.png;123;Boshqa;Kashtan Sezar
124.png;124;Muzqaymoq;Kivi Ice Cream
125.png;125;Boshqa;Gold 9999
126.png;126;Muzqaymoq;Moskoviske Ice Cream
127.png;127;Sut mahsulotlari;Kashtan Sutli
128.png;128;Sut mahsulotlari;Rashmil Smetana 25%
129.png;129;Non va tuxum;Lavash Hamir
130.png;130;Sut mahsulotlari;Rashmilk Ayron 900ml
131.png;131;Sut mahsulotlari;Rashmilk  Qatiq
132.png;132;Sut mahsulotlari;Rashmilk Kefir 1l
133.png;133;Sut mahsulotlari;Rashmilk Tvorog 5% 350gr
134.png;134;Sut mahsulotlari;Rashmilk Reajinka 2.5%
135.png;135;Sut mahsulotlari;Rash Milk Kefir 0.5%
136.png;136;Sut mahsulotlari;Rash Milk Kefir 2.5%
137.png;137;Sut mahsulotlari;Rash milk 20%
138.png;138;Sut mahsulotlari;Rashmilk Smetana 15%
139.png;139;Chips va gazaklar;Frumi  Mix
140.png;140;Shirinliklar;Grizzly 55gr
141.png;141;Shirinliklar;Big Bob Magiz 50gr
142.png;142;Shirinliklar;Coco Sovgali
143.png;143;Ichimliklar;Aloe 1.5
144.png;144;Boshqa;Bogatir Dona
145.png;145;Bakaleya;Manniy krupa dona
146.png;146;Shirinliklar;Suxarik Sladkiy
147.png;147;Shirinliklar;Pechenye Корови 180gr
148.png;148;Shirinliklar;Ukraina Vafli
149.png;149;Bir martalik idish;Aygen Paket Katta
150.png;150;Bir martalik idish;Aygen Paket Kichik
151.png;151;Uy-ro'zg'or;GreenLife Streych
152.png;152;Uy-ro'zg'or;Stretch BoWangWrap
153.png;153;Souslar va yog'lar;Elma Aroma Moshinaga
154.png;154;Ichimliklar;Shar Pachka
155.png;155;Uy-ro'zg'or;Salyut
156.png;156;Uy-ro'zg'or;Happy Birthday Candle
157.png;157;Uy-ro'zg'or;Birthday Candle
158.png;158;Uy-ro'zg'or;Raqam To'rtga Mix
159.png;159;Bakaleya;Imbir 10gr
160.png;160;Souslar va yog'lar;Amoy Soya Sous 500ml
161.png;161;Souslar va yog'lar;Amoy Soya Sous 180ml
162.png;162;Sut mahsulotlari;Olma Sirkasi
163.png;163;Boshqa;Qizil Qalampir 25gr
164.png;164;Bir martalik idish;Wan Bao Lu Zubachistka
165.png;165;Bir martalik idish;Yoqimli ishtaxa Zubachistka
166.png;166;Bakaleya;Murch Oliy Nav
167.png;167;Bakaleya;Xitoy Tuz Lotus MSG
168.png;168;Bakaleya;Xitoy Tuz Lotus MSG
169.png;169;Bakaleya;Xitoy Tuz MSG
170.png;170;Yong'oq va quruq meva;Zira Sedana Kunjut
171.png;171;Ichimliklar;Priprava Mix
172.png;172;Bakaleya;Kent
173.png;173;Bakaleya;Razrixlitel Testa
174.png;174;Bakaleya;Kakao 40gr
175.png;175;Bakaleya;S.Pudra Kraxmal L.Kislata Mix
176.png;176;Bakaleya;Angel Droj 100gr
177.png;177;Bakaleya;Angel Droj 15gr
178.png;178;Gigiena;Qol Sochiq Kichik
179.png;179;Gigiena;Qol Sochiq Orta
180.png;180;Gigiena;Qol Sochiq Katta
181.png;181;Souslar va yog'lar;Uksus Andijon
182.png;182;Souslar va yog'lar;Uksus 70
183.png;183;Boshqa;Purely Natural
184.png;184;Bir martalik idish;AAA karton stakan
185.png;185;Ichimliklar;Flash Russia Can
186.png;186;Ichimliklar;Anor Can
187.png;187;Ichimliklar;Royal Anor Can
188.png;188;Souslar va yog'lar;Oleyna 5L
189.png;189;Souslar va yog'lar;Oleyna 3L
190.png;190;Ichimliklar;Karak Tea Mix
191.png;191;Bir martalik idish;bbb plastic stakan bbb
192.png;192;Ichimliklar;Ava Laym 0.45
193.png;193;Ichimliklar;Ava Lemonad 0.45
194.png;194;Ichimliklar;Ava Nok 0.45
195.png;195;Ichimliklar;Dinay Miks 0.5
196.png;196;Ichimliklar;Dinay Anor 0.5
197.png;197;Shirinliklar;Musa Gazeta
198.png;198;Shirinliklar;Musa Magnit
199.png;199;Ichimliklar;Musa Chocolate
200.png;200;Shirinliklar;Musa Almond
201.png;201;Shirinliklar;Alfetto Asarti
202.png;202;Shirinliklar;Musa Milk Joy Mix
203.png;203;Shirinliklar;BissGO Organic
204.png;204;Muzqaymoq;BissGO Eskimo
205.png;205;Shirinliklar;Musa Surprise
206.png;206;Shirinliklar;Musa Rais
207.png;207;Muzqaymoq;Musa Sorbet
208.png;208;Shirinliklar;BissGO Capsula
209.png;209;Shirinliklar;BissGo Mini Cone
210.png;210;Shirinliklar;BissGO Dubai
211.png;211;Muzqaymoq;Musa Sirok
212.png;212;Boshqa;Ukrainskoe 82% 200g
213.png;213;Boshqa;Ukrainskoe 82% 500g
214.png;214;Ichimliklar;Mors Meva 2l
215.png;215;Non va tuxum;Taqvo Qora non
216.png;216;Gigiena;Zipp Bumaga 6dona
217.png;217;Non va tuxum;Tuxumjon 10dona
218.png;218;Non va tuxum;Tuxumjon 15dona
219.png;219;Non va tuxum;Tuxumjon 30dona
220.png;220;Ichimliklar;Chortoq 0.75
221.png;221;Ichimliklar;Toshken mineral 1.0 Gazli va Gazsiz
222.png;222;Ichimliklar;Toshken mineral 0.5
223.png;223;Sut mahsulotlari;Maselko Milkini Moloko 8.5% 320gr
224.png;224;Sut mahsulotlari;Maselko Lakomka 8.5% 250gr
225.png;225;Sut mahsulotlari;Maselko Zayka 8.5%
226.png;226;Sut mahsulotlari;Maselko Solnechniy 72.5% 200gr
227.png;227;Sut mahsulotlari;Maselko Derevnskoe 82.5% 200gr
228.png;228;Sut mahsulotlari;Maselko 72% 500gr
229.png;229;Sut mahsulotlari;Maselko Nashe 82.5% 500gr
230.png;230;Sut mahsulotlari;Maselko Nashe 82.5% 200gr
231.png;231;Ichimliklar;Shorle 0.5 mix
232.png;232;Ichimliklar;Kojik Pachka
233.png;233;Ichimliklar;Chortoq kuchli gazli 0.5
234.png;234;Ichimliklar;Adrenaline 0.45
235.png;235;Ichimliklar;Bonaqua gazli 1.0
236.png;236;Bakaleya;kir Sovun Russia
237.png;237;Uy-ro'zg'or;Kopum kapsula dona
238.png;238;Bakaleya;Kir sovun rassiya
239.png;239;Ichimliklar;Fanta 1.5
240.png;240;Ichimliklar;bonaqua 1.0
241.png;241;Ichimliklar;Aloe 0.5
242.png;242;Ichimliklar;Chortoq kuchli gazli 1.0
243.png;243;Ichimliklar;Nataxtari 1.0
244.png;244;Ichimliklar;Cappy pet 0.5
245.png;245;Ichimliklar;Fuse tea pet 0.5
246.png;246;Ichimliklar;Fuse tea pet 1.5
247.png;247;Ichimliklar;Flavis pet 0.5
248.png;248;Ichimliklar;Chernogolovka pet 1.5
249.png;249;Sut mahsulotlari;AAA Qurtop dona
250.png;250;Ichimliklar;Coca cola 0.5L
251.png;251;Ichimliklar;Coca Cola 1L
252.png;252;Ichimliklar;Flavis pet 1.2
253.png;253;Souslar va yog'lar;Ideal Tomat 0,5L
254.png;254;Souslar va yog'lar;Ideal Tomat 1L
255.png;255;Souslar va yog'lar;Ibrat Tomat 0.5L
256.png;256;Souslar va yog'lar;Ibrat Tomat 3L
257.png;257;Souslar va yog'lar;Ibrat Tomat 1L
258.png;258;Ichimliklar;Hydrolife pet 1.0 Gazli
259.png;259;Ichimliklar;Dena 1.0
260.png;260;Bakaleya;Barilla Spaghettini 450gr
261.png;261;Ichimliklar;Aksoy pet 1.0
262.png;262;Ichimliklar;Hydrolife pet 0.5
263.png;263;Ichimliklar;Arktea pet 0.5l
264.png;264;Ichimliklar;Sayxun pet 0.5l
265.png;265;Sut mahsulotlari;Hochland 220gr
266.png;266;Sut mahsulotlari;Hochland 140gr
267.png;267;Sut mahsulotlari;Hochland 100gr
268.png;268;Sut mahsulotlari;Hochland 50gr
269.png;269;Sut mahsulotlari;Hochland CHizburger 150gr
270.png;270;Sut mahsulotlari;Hochland 140gr
271.png;271;Sut mahsulotlari;Hochland 200gr
272.png;272;Sut mahsulotlari;Hochlan sir 400gr
273.png;273;Sut mahsulotlari;Hochland Slivochniy 400gr
274.png;274;Sut mahsulotlari;Ehrmann
275.png;275;Sut mahsulotlari;Nejniy 285gr
276.png;276;Sut mahsulotlari;Ehrmann
277.png;277;Sut mahsulotlari;Ehrmann 420gr
278.png;278;Sut mahsulotlari;Ehrmann 290gr
279.png;279;Sut mahsulotlari;Ermugurt 420gr
280.png;280;Sut mahsulotlari;Alpenland 290gr
281.png;281;Sut mahsulotlari;Nejniy 0.1% 285gr
282.png;282;Sut mahsulotlari;Alpenland 420gr
283.png;283;Sut mahsulotlari;Ehrmann 280gr
284.png;284;Sut mahsulotlari;Nejniy 420gr
285.png;285;Sut mahsulotlari;Fruttis Buble pop
286.png;286;Boshqa;Furuttis 5% Miks
287.png;287;Sut mahsulotlari;Fruttis 8% gilos
288.png;288;Sut mahsulotlari;Fruttis 5％ Kulubnika
289.png;289;Bakaleya;Makaron Рассия Mix kg
290.png;290;Sut mahsulotlari;Ermugurt Mango 100gr
291.png;291;Sut mahsulotlari;Нежный yogurt klubnika
292.png;292;Sut mahsulotlari;Campina, нежный малина
293.png;293;Sut mahsulotlari;Fruttis Break 165gr
294.png;294;Sut mahsulotlari;Campina, нежный клубника
295.png;295;Sut mahsulotlari;Ehrmann grand 260gr
296.png;296;Sut mahsulotlari;Alpenland Yogurt 95gr
297.png;297;Shirinliklar;YJF Zaverim 250gr
298.png;298;Shirinliklar;YJF Qulupnay Bolichka 300gr
299.png;299;Ichimliklar;ROSSIYA SHOKOLAD 75GR
300.png;300;Ichimliklar;Nestle CHocolatte 15gr
301.png;301;Souslar va yog'lar;Nestle Malina 15gr
302.png;302;Shirinliklar;Nestle Bitter 15gr
303.png;303;Shirinliklar;Nestle drak 15gr
304.png;304;Shirinliklar;Nestle 15gr
305.png;305;Bakaleya;Guruch Avangard kg
306.png;306;Bakaleya;Guruch Alanga kg
307.png;307;Bakaleya;Guruch 07 kg
308.png;308;Shirinliklar;Kit Kat 33gr
309.png;309;Boshqa;Nuts 50gr
310.png;310;Shirinliklar;Kit Kat 32gr
311.png;311;Shirinliklar;Kit Kat 40gr
312.png;312;Shirinliklar;Kit Kat 45gr
313.png;313;Sut mahsulotlari;Mavis karovka
314.png;314;Sut mahsulotlari;Mavis Karovka Pachkali 300gr
315.png;315;Shirinliklar;Mavis Yubleniy Pachkali
316.png;316;Shirinliklar;Mavis Tvorijniy Pachkali 390gr
317.png;317;Shirinliklar;Mavis Pechenye Saxarnoe
318.png;318;Shirinliklar;Mavis Fasofka Toplenka Kakao 400gr
319.png;319;Shirinliklar;Mavis Toplenka Kakao 325gr
320.png;320;Shirinliklar;Mavis We GOLD kakao 185gr
321.png;321;Shirinliklar;Mavis We GOLD 185gr
322.png;322;Shirinliklar;Mavis Yubileyniy 270gr
323.png;323;Shirinliklar;Mavis Tvorojniy 325gr
324.png;324;Sut mahsulotlari;Mavis Korovka 270gr
325.png;325;Boshqa;Topleonka 325gr
326.png;326;Shirinliklar;Milka Plitka 90g
327.png;327;Ichimliklar;Coca cola 0.33
328.png;328;Ichimliklar;Coca cola  Germaniya 0.33l
329.png;329;Boshqa;Fnta can 0.45
330.png;330;Ichimliklar;Fanta Anor 0.45
331.png;331;Ichimliklar;Coca Cola 0.45
332.png;332;Ichimliklar;Sprite 0.45
333.png;333;Ichimliklar;Fuse tea 0.45
334.png;334;Ichimliklar;Fanta 0.5
335.png;335;Ichimliklar;coca cola 1.5
336.png;336;Ichimliklar;coca cola 2.0L
337.png;337;Ichimliklar;Fanta 1.0
338.png;338;Ichimliklar;CHortoq Shisha 0.5L
339.png;339;Ichimliklar;Flavis can 0.45
340.png;340;Ichimliklar;Maxito can 0.45
341.png;341;Ichimliklar;Pepsi can SAUDIA
342.png;342;Ichimliklar;MIrinda SAUDIA 0.33ml
343.png;343;Ichimliklar;Lipton 0.5
344.png;344;Ichimliklar;Lipton 1.0
345.png;345;Ichimliklar;Pepsi 0.5L
346.png;346;Boshqa;Pesi pet 1.0
347.png;347;Ichimliklar;pepsi 1.75l
348.png;348;Ichimliklar;Pepsi 2.0l
349.png;349;Bakaleya;Noxot Eron kg
350.png;350;Shirinliklar;Peshenok kg
351.png;351;Bakaleya;Manniy krupa kg
352.png;352;Bakaleya;Guruch kamolino kg
353.png;353;Bakaleya;Makaron Burama kg
354.png;354;Bakaleya;Makaron Sipiral kg
355.png;355;Bakaleya;Makaron Sapojok
356.png;356;Bakaleya;Makaron Katta Roshki kg
357.png;357;Bakaleya;Makaron Roshki kg
358.png;358;Bakaleya;Makaron Regidron kg
359.png;359;Bakaleya;Makaron pero kg
360.png;360;Bakaleya;Makaron Kesma kg
361.png;361;Bakaleya;Loviya kg
362.png;362;Bakaleya;Mosh kg
363.png;363;Bakaleya;Noxat kg
364.png;364;Bakaleya;Gerkules Ofsyanka kg
365.png;365;Bakaleya;Garox Kg
366.png;366;Bakaleya;Perlovka kgz kg
367.png;367;Bakaleya;Grechka Rassiya kg
368.png;368;Souslar va yog'lar;Ketler Kurasan Sugushenka
369.png;369;Shirinliklar;Deya Enso kg
370.png;370;Bakaleya;Proline 4.25kg
371.png;371;Chips va gazaklar;Justin 75g
372.png;372;Chips va gazaklar;Happy Child ququruz
373.png;373;Chips va gazaklar;Karopkali Ququruz
374.png;374;Chips va gazaklar;Po'm-Pik
375.png;375;Bolalar uchun;VOY DOD OYINCHOQ
376.png;376;Chips va gazaklar;KUKURUZ 250g
377.png;377;Sut mahsulotlari;SADAF Tvarog
378.png;378;Sut mahsulotlari;SADAF Qaymoq 45% 180g
379.png;379;Sut mahsulotlari;SADAF Smetana20% 450g
380.png;380;Sut mahsulotlari;SADAF Ayron 1L
381.png;381;Sut mahsulotlari;SADAF Qatiq 4% 1L
382.png;382;Chips va gazaklar;Gazzak Keshu pista 30g
383.png;383;Chips va gazaklar;Gazzak 90g
384.png;384;Chips va gazaklar;Gazzak 180g
385.png;385;Shirinliklar;DEYA APACCHI 200g
386.png;386;Shirinliklar;DEYA KREKER 180g
387.png;387;Shirinliklar;ROSHEN VAFLI MIX 216g
388.png;388;Bakaleya;Frima 200gr
389.png;389;Bakaleya;Frima 500gr
390.png;390;Bakaleya;Rollton Mix 400gr
391.png;391;Bakaleya;Rollton Mix 4oogr
392.png;392;Uy-ro'zg'or;ARIEL 6 kg
393.png;393;Boshqa;0lesiya 5L
394.png;394;Uy-ro'zg'or;Adolph 785g
395.png;395;Uy-ro'zg'or;GRASS Clean 600ml
396.png;396;Gigiena;KERASYS 8ml
397.png;397;Shirinliklar;Kinder JOY 20G
398.png;398;Shirinliklar;TIC TAC MIX
399.png;399;Shirinliklar;Rocher T3x16
400.png;400;Shirinliklar;Rafaello 150g
401.png;401;Shirinliklar;FERRERO Collection 172,2g
402.png;402;Ichimliklar;Rocher shokoladniy konfet 300g
403.png;403;Ichimliklar;Rocher shokoladniy konfet 200g
404.png;404;Bakaleya;MeyFu 250gr
405.png;405;Bakaleya;MeyFu 900gr
406.png;406;Shirinliklar;Rafaello 40g
407.png;407;Bakaleya;MeyFu 1.8kg
408.png;408;Shirinliklar;Rocher Plitka 90g Mix
409.png;409;Shirinliklar;Kinder Maxi 21g
410.png;410;Shirinliklar;Kinder Chocalate 100g
411.png;411;Shirinliklar;Kinder Chokalate 50g
412.png;412;Shirinliklar;Kinder Surprise MIX
413.png;413;Shirinliklar;RAFFAELLO 90G
414.png;414;Shirinliklar;PECHENIYE PEPPY 300G
415.png;415;Muzqaymoq;VAFLINEYE PLOMBIR 400G
416.png;416;Shirinliklar;CHOCO BREAK 300G MIX
417.png;417;Sut mahsulotlari;KAROVKA VAFLI 300G
418.png;418;Sut mahsulotlari;KAROVKA MIX 375G
419.png;419;Sut mahsulotlari;Karovka Shokoladnoy Nachinkoy 150gr
420.png;420;Sut mahsulotlari;Karovka Toplenoe Moloko 150gr
421.png;421;Shirinliklar;Merci 112gr
422.png;422;Shirinliklar;Merci 112gr
423.png;423;Shirinliklar;Merci 675gr
424.png;424;Shirinliklar;Merci 400gr
425.png;425;Shirinliklar;Merci 250gr
426.png;426;Shirinliklar;RAFFAELLO Bantik 200G
427.png;427;Shirinliklar;Rafaello Bantik 100gr
428.png;428;Shirinliklar;RAFFAELLO 70G
429.png;429;Kofe va choy;PRINSESSA NURI QORA CHOY 25 BAGS
430.png;430;Kofe va choy;TESS 25 BAGS
431.png;431;Kofe va choy;TESS MIX 100G
432.png;432;Sut mahsulotlari;DOBROE Tvorog 250g
433.png;433;Sut mahsulotlari;Suzma dobroe tuzli 400g
434.png;434;Sut mahsulotlari;Suzma dobroe 5% 300g
435.png;435;Sut mahsulotlari;DOBROE Bio Kefir 2,5% 500g mix
436.png;436;Sut mahsulotlari;DOBROE Slivki 35% 180g
437.png;437;Sut mahsulotlari;DOBROE Smetna 350g
438.png;438;Sut mahsulotlari;DOBROE Grek yogurt mix 180g
439.png;439;Sut mahsulotlari;DOBROE Gretskiy yogurt 125g Mix
440.png;440;Sut mahsulotlari;DOBROE Yogurt 260g Mix
441.png;441;Sut mahsulotlari;DOBROE Yogurt 900g MIX
442.png;442;Sut mahsulotlari;QURT AYRON 2,5%200ML
443.png;443;Sut mahsulotlari;Dobroe Slivochnoe 82,5%
444.png;444;Sut mahsulotlari;Dobroe Labne 200gr
445.png;445;Sut mahsulotlari;Dobroe ayron Qurt 900g 2,5%
446.png;446;Sut mahsulotlari;Dobroe ayron 500g
447.png;447;Sut mahsulotlari;Dobre Ayron 1% 1000gr
448.png;448;Ichimliklar;Limon fresh 1L
449.png;449;Ichimliklar;Ice tea Limon fresh 0,45L
450.png;450;Uy-ro'zg'or;Bavi Super 60g
451.png;451;Uy-ro'zg'or;Bavi Super 350g
452.png;452;Uy-ro'zg'or;Bavi Super 1.1kg
453.png;453;Uy-ro'zg'or;Bavi Gel 2,5L
454.png;454;Gigiena;HOSAL kids 200ml
455.png;455;Shirinliklar;Choco Pie orginal 4sht
456.png;456;Shirinliklar;Choco Pie orginal 6sht
457.png;457;Shirinliklar;Choco Pie orginal 12sht
458.png;458;Shirinliklar;Choco Pie 12 sht
459.png;459;Shirinliklar;CHOCO pie 6 sht
460.png;460;Sut mahsulotlari;Choko boy yougurt va qulbnay 45g
461.png;461;Shirinliklar;GRIZZLY 70g
462.png;462;Shirinliklar;GRIZZLY 100G
463.png;463;Chips va gazaklar;IZI CORN 80g
464.png;464;Chips va gazaklar;GRENKI WOW 180G
465.png;465;Chips va gazaklar;GRENKI 100G
466.png;466;Chips va gazaklar;Flint 60g
467.png;467;Souslar va yog'lar;Palmolive dush gel 250ml
468.png;468;Souslar va yog'lar;Palmolive dush gel 250ml
469.png;469;Souslar va yog'lar;Palmolive massaj 250ml
470.png;470;Souslar va yog'lar;Palmolive dush uchun gel anor 250ml
471.png;471;Bakaleya;Palmalive dush uchun gel 250ml
472.png;472;Gigiena;PROTEX Fresh 300ml
473.png;473;Souslar va yog'lar;Palmolive limon 300ml
474.png;474;Souslar va yog'lar;Palmolive zaytun 300ml
475.png;475;Souslar va yog'lar;Palmolive ramashka 4+1
476.png;476;Meva-sabzavot;Palvalive bodring 4+1
477.png;477;Gigiena;Palmalive Roza 4+1
478.png;478;Souslar va yog'lar;Palmolive zaytun 4+1
479.png;479;Souslar va yog'lar;Palmolive qazgoqqa qarshi 450ml
480.png;480;Souslar va yog'lar;Palmolive limon 450ml
481.png;481;Souslar va yog'lar;Palmolive asal 450ml
482.png;482;Souslar va yog'lar;Palmolive bodom 450ml
483.png;483;Souslar va yog'lar;Palmolive anor 450ml
484.png;484;Souslar va yog'lar;Palmolive kakos 450ml
485.png;485;Souslar va yog'lar;Palmolive Zaytun moyin 450ml
486.png;486;Kofe va choy;Colgate Plax Tea Lemon 500ml
487.png;487;Gigiena;Colgate Triple Action 500ml
488.png;488;Gigiena;Colgate Total 250ml
489.png;489;Gigiena;Colgate Plax 250 ml
490.png;490;Gigiena;Colgate children 2+
491.png;491;Gigiena;Colgate childrens 5+
492.png;492;Gigiena;Colgate chotka Extra Density
493.png;493;Gigiena;Colgate Extra Density
494.png;494;Gigiena;Colgate chotka Colors 4PK
495.png;495;Gigiena;Colgate chotka 1+1
496.png;496;Gigiena;Colgate chotka Troynoe destiviy
497.png;497;Gigiena;Colgate chotka zabota o desnax
498.png;498;Gigiena;Colgate chotka zig zag 2+1
499.png;499;Gigiena;Colgate chotka zig zag
500.png;500;Gigiena;Colgate chotka Udalenie
501.png;501;Gigiena;Colgate chotka 2+1
502.png;502;Gigiena;Colgate Klassik chotka
503.png;503;Gigiena;Colgate for children 55ml
504.png;504;Gigiena;OPTIC white 75ml
505.png;505;Gigiena;Colgate Sensative pro-relief
506.png;506;Gigiena;Colgate Sensative Pro-Relief 75ml
507.png;507;Gigiena;Colgate Total-Decay 75ml
508.png;508;Gigiena;Colgate Total Pro 75ml
509.png;509;Gigiena;Colgate Total 125ml
510.png;510;Gigiena;Colgate total 125ml
511.png;511;Gigiena;Colgate Total 100ml
512.png;512;Gigiena;Colgate Fresh Confidence Green 100ml
513.png;513;Gigiena;Colgate Fresh Confidence Blue 100ml
514.png;514;Gigiena;Colgate Max Whie Purple 75ml
515.png;515;Gigiena;Colgate Max White 150ml
516.png;516;Gigiena;Colgate Max White 100ml
517.png;517;Gigiena;Colgate Max White 50ml
518.png;518;Shirinliklar;Colgate Herbel Healthy Gums 150ml
519.png;519;Shirinliklar;Colgate Herbel Healthy Gums 100ml
520.png;520;Gigiena;Colgate Gentle Whitining 100ml
521.png;521;Gigiena;Colgate Gentle Whitining 50ml
522.png;522;Gigiena;Colgate Whitining Propolis 100ml
523.png;523;Gigiena;Colgate Triple Action 150ml
524.png;524;Gigiena;Colgate Triple Action 125ml
525.png;525;Gigiena;Colgate Triple Action 50ml
526.png;526;Gigiena;Colgate Fresh Mint 150ml
527.png;527;Gigiena;Colgate Fresh Mint 100ml
528.png;528;Gigiena;Colgate Fresh Mint 50ml
529.png;529;Kolbasa va go'sht;Toxtaniyoz Sardelka Pachka
530.png;530;Kofe va choy;XRUS TEAM 95g
531.png;531;Kofe va choy;XRUS TEAM 60g
532.png;532;Kofe va choy;XRUS TEAM 27g
533.png;533;Chips va gazaklar;LAYS 140g
534.png;534;Chips va gazaklar;LAYS 105g
535.png;535;Chips va gazaklar;LAYS 225g
536.png;536;Chips va gazaklar;LAYS  20g
537.png;537;Chips va gazaklar;LAYS 50g
538.png;538;Chips va gazaklar;LAYS 70g
539.png;539;Ichimliklar;Dinay Multifrukt 0.5l
540.png;540;Gigiena;Elma Dispanser 180pcs
541.png;541;Shirinliklar;Bouynty 55gr
542.png;542;Shirinliklar;Mars 50gr
543.png;543;Souslar va yog'lar;Borges Classic Olive Oil 500ml
544.png;544;Souslar va yog'lar;Borges Classic Olive Oil 250ml
545.png;545;Shirinliklar;Twix 46gr
546.png;546;Souslar va yog'lar;Borges Extra Virgin 250ml
547.png;547;Souslar va yog'lar;Borges Extra Virgin 500ml
548.png;548;Shirinliklar;MilkyWay 26gr
549.png;549;Shirinliklar;Skittles 95gr
550.png;550;Shirinliklar;Skittles 38gr
551.png;551;Shirinliklar;mms 45gr
552.png;552;Bakaleya;Makfa un 5kg
553.png;553;Shirinliklar;Blitz Biskvit 40gr
554.png;554;Bakaleya;Sahara
555.png;555;Shirinliklar;Choco Chips 80gr
556.png;556;Shirinliklar;Nastenka Pishechka
557.png;557;Bakaleya;Makfa un 2kg
558.png;558;Shirinliklar;Sladok Zavariki 350gr
559.png;559;Bakaleya;Makfa un 1kg
560.png;560;Shirinliklar;Weller Candy Bar 220gr
561.png;561;Bakaleya;MAKFA 400GR
562.png;562;Shirinliklar;Strobar x2
563.png;563;Shirinliklar;Strobar 40gr
564.png;564;Shirinliklar;Chocotella 190gr
565.png;565;Bakaleya;MAKFA PAUTINKA 400GR
566.png;566;Bakaleya;MAKFA GNEZDA 450GR
567.png;567;Bakaleya;Russol Tuz 600gr
568.png;568;Bakaleya;MAKFA ZVEZDOCHKI 250GR
569.png;569;Bakaleya;Eco Salt Ximalay Tuz
570.png;570;Bakaleya;MAKFA MAKFIKI 250GR
571.png;571;Ichimliklar;Extra Tuz Morskaya 1000gr
572.png;572;Bakaleya;Tibet Tuz 650gr
573.png;573;Bakaleya;MAKFA PAUTINKA 400GR
574.png;574;Bakaleya;Billur Osh Tuzi 800gr
575.png;575;Bakaleya;Ozbegim Osh Tuzi 1kg
576.png;576;Bakaleya;Baraka Osh Tuzi 1kg
577.png;577;Bakaleya;Marjon Osh Tuzi 1kg
578.png;578;Bakaleya;Mexmon Osh Tuzi 1kg
579.png;579;Bakaleya;Samara Osh Tuzi 1kg
580.png;580;Bakaleya;Makfa spagetti 585gr
581.png;581;Bakaleya;Orzu Osh Tuzi 1kg
582.png;582;Bakaleya;Orzu Osh Tuzi 3kg
583.png;583;Shirinliklar;TWIX XTRA
584.png;584;Bakaleya;Original Mel Sariq
585.png;585;Shirinliklar;Verita 3pcs
586.png;586;Shirinliklar;SNICKERS SUPER
587.png;587;Uy-ro'zg'or;Skoch Rangli Dona
588.png;588;Gigiena;Wan Boa Tish Tozalagich Dona
589.png;589;Shirinliklar;Orbit XXL
590.png;590;Shirinliklar;Orbit 13.6gr Mix
591.png;591;Gigiena;Toothpick Tish Tozalagich 650pcs
592.png;592;Gigiena;Tish Tozalagich Plastic Idish
593.png;593;Boshqa;Zubachiski 1000pcs
594.png;594;Gigiena;Vazelin Kok Qopqoq
595.png;595;Gigiena;Dental Floss Tish Tozalagich
596.png;596;Uy-ro'zg'or;Soni Batarya Katta Dona
597.png;597;Uy-ro'zg'or;Soni Batarya Dona
598.png;598;Shirinliklar;Snickers, батончик 50,5г
599.png;599;Uy-ro'zg'or;Super Kley
600.png;600;Gigiena;Dorco TG-2 Plus
601.png;601;Gigiena;Dorco 5pcs
602.png;602;Uy-ro'zg'or;Dixlofos Hacker 300ml
603.png;603;Uy-ro'zg'or;Dixlafos Varan
604.png;604;Boshqa;Garnet Gupka 7pcs
605.png;605;Uy-ro'zg'or;Mouse Glue
606.png;606;Uy-ro'zg'or;Super Suba Pasha Kley
607.png;607;Uy-ro'zg'or;Mosquitall Spiral
608.png;608;Uy-ro'zg'or;Raptor Aparat
609.png;609;Uy-ro'zg'or;Raptor Suvi
610.png;610;Gigiena;VGR FEN V-414 413
611.png;611;Gigiena;FEN 9900 N-1
612.png;612;Gigiena;FEN 6602 XAR XIL
613.png;613;Gigiena;MASHINKA 071 VGR
614.png;614;Gigiena;VGR MASHINKA 055 030
615.png;615;Bir martalik idish;Mechta Xozyayki Qopqoq Dona
616.png;616;Uy-ro'zg'or;VGR MASHIN V-901
617.png;617;Bir martalik idish;Talamus Qopqoq Dona
618.png;618;Uy-ro'zg'or;VGR V-987
619.png;619;Gigiena;MASHINKA VGR V-933
620.png;620;Souslar va yog'lar;Malina Murabbo 0.5l
621.png;621;Gigiena;VGR V-998 MASHINKA
622.png;622;Souslar va yog'lar;Malina Murabbo 1l
623.png;623;Uy-ro'zg'or;Jeep Gugurt Donalik
624.png;624;Gigiena;ELKO MASHINKA
625.png;625;Bakaleya;Naturella Makka 340gr
626.png;626;Bakaleya;Naturella Garox 400gr
627.png;627;Gigiena;VGR DEPTIAL APARAT V-700
628.png;628;Gigiena;VGR V-728 DEPTIAL APARAT
629.png;629;Souslar va yog'lar;Moskovskiy Shampinon 430gr
630.png;630;Gigiena;VGR V-726 DEPTIAL APARAD
631.png;631;Souslar va yog'lar;Moskovskiy Shampinon 1l
632.png;632;Souslar va yog'lar;Bonduella Garox-Makka
633.png;633;Gigiena;VGR V-731 DEEPIL APARAT
634.png;634;Souslar va yog'lar;Kaija Shprot 190gr
635.png;635;Souslar va yog'lar;Osiyo Tushonka Premium 425gr
636.png;636;Gigiena;Dazmol By-2115
637.png;637;Sut mahsulotlari;Zareche Moloko 1300gr
638.png;638;Sut mahsulotlari;Zareche Moloko 900gr
639.png;639;Sut mahsulotlari;Zareche Moloko 450gr
640.png;640;Gigiena;VGR V-498 Fen Taroq
641.png;641;Souslar va yog'lar;Osiyo Tushonka Premium 325gr
642.png;642;Boshqa;Tvit Aparat GM 209
643.png;643;Souslar va yog'lar;Osiyo Tushonka 325gr
644.png;644;Souslar va yog'lar;Kaija Kilka 170gr
645.png;645;Souslar va yog'lar;Kaija Kilka 240gr
646.png;646;Boshqa;Tvit Aparat 1789
647.png;647;Gigiena;Taroq Salon Fashion
648.png;648;Gigiena;Redberry Taroq
649.png;649;Gigiena;Taroq Aimesi 4pcs
650.png;650;Bakaleya;Dove Sovun 90gr
651.png;651;Bakaleya;Dove Sovun 135gr
652.png;652;Shirinliklar;ChakChak Kichik
653.png;653;Yong'oq va quruq meva;Ibon Fruity kg
654.png;654;Yong'oq va quruq meva;Karavan Orex 90gr
655.png;655;Yong'oq va quruq meva;Krakra Tuxum
656.png;656;Shirinliklar;Nutella 200gr
657.png;657;Shirinliklar;Nutella 750gr
658.png;658;Shirinliklar;Nutella 350gr
659.png;659;Ichimliklar;Raxat Kazakistan Shokolad 100gr
660.png;660;Chips va gazaklar;Pringles Chips 40gr
661.png;661;Chips va gazaklar;Pringles Chips 165gr
662.png;662;Kofe va choy;Italia Arabica Cofe 100gr
663.png;663;Kofe va choy;Senator Cofe 85gr
664.png;664;Kofe va choy;Tibio Arabica Exclusive 47.5gr
665.png;665;Kofe va choy;Tibio Arabica Exclusive 95gr
666.png;666;Kofe va choy;Egoiste Cofe Platinum 100gr
667.png;667;Kofe va choy;Egoiste Cofe Special 100gr
668.png;668;Kofe va choy;Egoiste Cofe Truffle 95gr
669.png;669;Ichimliklar;Kinza Cola-Sitrus 250ml
670.png;670;Ichimliklar;LaimonFresh 0.5l
671.png;671;Ichimliklar;Size Up 350ml
672.png;672;Ichimliklar;LaimonFresh 0.45l
673.png;673;Ichimliklar;Pepsi Dubai 0.33l
674.png;674;Ichimliklar;Mirinda Dubai 0.33ml
675.png;675;Ichimliklar;Fanta 0.33l Germaniya
676.png;676;Ichimliklar;Cola 0.33l Germaniya
677.png;677;Ichimliklar;Monster Oq-Qora 500ml
678.png;678;Ichimliklar;Delfin 1.8kg
679.png;679;Ichimliklar;Delfin 1.2kg
680.png;680;Ichimliklar;Delfin 900gr
681.png;681;Ichimliklar;Delfin 250gr
682.png;682;Ichimliklar;Aprel Yashil 1.8kg
683.png;683;Ichimliklar;Aprel Yashil 900gr
684.png;684;Ichimliklar;Aprel Yashil 250gr
685.png;685;Shirinliklar;Haribo All Mix
686.png;686;Boshqa;Alpen Gold Super Nuts 120gr
687.png;687;Shirinliklar;Max Fun 130gr
688.png;688;Shirinliklar;Barni 150gr
689.png;689;Gigiena;Bic Flex 2 pachka
690.png;690;Gigiena;Bic Flex 5 Hybrid
691.png;691;Gigiena;Bic Flex 3 Hybrid 1+4
692.png;692;Gigiena;Bic Flex 3 Pachka
693.png;693;Gigiena;Bic Twin Lady Pachka
694.png;694;Gigiena;Bic Pure Lady Pachka
695.png;695;Gigiena;Bic Pure Lady
696.png;696;Gigiena;Bic Flex5 Hybrid
697.png;697;Gigiena;Bic Flex3 Hybrid
698.png;698;Gigiena;Bic Flex 3
699.png;699;Gigiena;Bic Twin Lady
700.png;700;Gigiena;Bic Action 3
701.png;701;Gigiena;Bic Metal Pachka
702.png;702;Shirinliklar;Bic Miss Soleil 4dona
703.png;703;Gigiena;Bic Action 3
704.png;704;Gigiena;Bic Metal
705.png;705;Shirinliklar;Bic Miss Soleil
706.png;706;Sut mahsulotlari;Sharqona Tog Qurti 55gr
707.png;707;Sut mahsulotlari;Sharqona Sir Palochka 70gr
708.png;708;Bakaleya;Shakar 365 5kg
709.png;709;Bakaleya;Shakar 365 2kg
710.png;710;Kofe va choy;Choy Tess 100pachka
711.png;711;Kofe va choy;Choy Tess Summer Time 20pachka
712.png;712;Kofe va choy;Coffee Jockey Favorit 95gr
713.png;713;Kofe va choy;Coffee Jardin Gold 75gr
714.png;714;Kofe va choy;Coffee Jardin Colombia 75gr
715.png;715;Kofe va choy;Coffee Jardin 95gr
716.png;716;Kofe va choy;Felix 75gr
717.png;717;Kofe va choy;Nescafe 3in1 14,5gr
718.png;718;Kofe va choy;Nescafe Classic Jar 47,5gr
719.png;719;Kofe va choy;Nescafe Gold 190gr
720.png;720;Kofe va choy;Nescafe Gold Aroma 85gr
721.png;721;Kofe va choy;Nescafe Gold 95gr
722.png;722;Kofe va choy;Nescafe Gold 47,5gr
723.png;723;Kofe va choy;Nescafe Gold 75gr
724.png;724;Kofe va choy;Nescafe Gold 40gr
725.png;725;Kofe va choy;Nescafe Gold 190gr
726.png;726;Kofe va choy;Nescafe Gold 130gr
727.png;727;Gigiena;Oxipring Miracle Wipes 50dona
728.png;728;Uy-ro'zg'or;Kopum Capsula
729.png;729;Uy-ro'zg'or;Kopum Plus Capsule
730.png;730;Uy-ro'zg'or;Kopum Plus 9kg
731.png;731;Uy-ro'zg'or;Kopum Plus 4,5kg
732.png;732;Uy-ro'zg'or;Kopum Plus 3kg
733.png;733;Uy-ro'zg'or;Kopum Plus 1,5kg
734.png;734;Uy-ro'zg'or;Kopum Detergent 2,8L
735.png;735;Uy-ro'zg'or;Kopum Plus Detegent 1,45L
736.png;736;Gigiena;Chistoya Liniya Shampoo 250ml
737.png;737;Gigiena;Chistaya Liniya Gel dlya dusha
738.png;738;Gigiena;Chistaya Liniya Shanpoo 1000ml
739.png;739;Gigiena;Chistaya Liniya Shampoo 400ml
740.png;740;Gigiena;Lesnoy Balzam Tish Pasta 75ml
741.png;741;Gigiena;Lesnoy Balzam Tish Pasta 75ml
742.png;742;Kofe va choy;Maxwell House 3in1 Donasi
743.png;743;Kofe va choy;Coffee Jacobs Hot/Ice 21gr
744.png;744;Kofe va choy;Coffee Jacobs Monarch 3in1 Mix
745.png;745;Kofe va choy;Coffee Jacobs Monarch Mini Mix
746.png;746;Kofe va choy;Coffee Jacobs Monarch Barista 1,8gr
747.png;747;Kofe va choy;Coffee Jacobs Monarch Signature 1,8gr
748.png;748;Kofe va choy;Coffee Carte Noire Original 1,8gr
749.png;749;Kofe va choy;Carte Noire White 17,4gr
750.png;750;Kofe va choy;Coffee Jacobs Monarch 75gr
751.png;751;Kofe va choy;Coffee Jacobs Monarch 190gr
752.png;752;Kofe va choy;Coffee Jacobs Monarch 130gr
753.png;753;Kofe va choy;Coffee Jacobs Monarch 220gr
754.png;754;Kofe va choy;Coffee Jacobs Monarch 500gr
755.png;755;Kofe va choy;Coffee Jacobs Monarch 300gr+100gr
756.png;756;Kofe va choy;Coffee Jacobs Monarch 75gr
757.png;757;Kofe va choy;Coffee Jacobs Monarch  33gr
758.png;758;Kofe va choy;Coffee Jacobs Monarch 50gr
759.png;759;Kofe va choy;Coffee Jacobs Monarch 190gr
760.png;760;Kofe va choy;Coffee Jacobs Monarch 95gr
761.png;761;Kofe va choy;Coffee Jacobs Monarch 47,5gr
762.png;762;Kofe va choy;Carte Noire 75gr
763.png;763;Shirinliklar;Milka Choc&Choc 150gr
764.png;764;Shirinliklar;Milka Choco Mix
765.png;765;Shirinliklar;Mentos Gum 100gr
766.png;766;Shirinliklar;Mentos Gum 54gr
767.png;767;Shirinliklar;Mentos Gum 30gr
768.png;768;Shirinliklar;Mentos Gum
769.png;769;Shirinliklar;Chupa Chups Kisli Fans 150gr
770.png;770;Shirinliklar;Chupa Chups Kisli Fans 100gr
771.png;771;Shirinliklar;Chupa Chups Kisli Fans 70gr
772.png;772;Shirinliklar;Chupa Chups Kisli Rolls
773.png;773;Shirinliklar;Chupa Chups Kisli Rolls 100gr
774.png;774;Shirinliklar;Chupa Chups Kisli Rolls 70gr
775.png;775;Shirinliklar;Chupa Chups Kisli 120gr
776.png;776;Shirinliklar;Buldak Mix Original 140gr
777.png;777;Uy-ro'zg'or;Chistin Stok 500gr
778.png;778;Uy-ro'zg'or;Chistin Universal 750gr
779.png;779;Uy-ro'zg'or;Chistin Sanitariy 750ml
780.png;780;Uy-ro'zg'or;Chistin 3v1 750ml
781.png;781;Gigiena;Bella Classic Nova Maxi 10dona
782.png;782;Gigiena;Bella Panty Soft Tilia 60dona
783.png;783;Gigiena;Bella Happy Baby
784.png;784;Uy-ro'zg'or;Dixlafos Neo 140ml
785.png;785;Shirinliklar;Roshen Konafetto 140gr
786.png;786;Shirinliklar;Lovita Soft Cream Cookies 127gr
787.png;787;Shirinliklar;Roshen Lovita Cake Cookies 168gr
788.png;788;Shirinliklar;Roshen Lovita 152gr
789.png;789;Shirinliklar;Roshen Lovita Classic Cookies 150gr
790.png;790;Shirinliklar;Roshen MultiCake 180gr
791.png;791;Shirinliklar;Roshen Butter Cookies 140gr
792.png;792;Shirinliklar;Roshen Lollipops Gum
793.png;793;Shirinliklar;Roshen 2 Crack 190gr
794.png;794;Bakaleya;Rollton 100gr
795.png;795;Bakaleya;Big Bon 95gr
796.png;796;Bakaleya;Big Bon 75gr Mix
797.png;797;Bakaleya;Rollton Sho'rva 90gr Mix
798.png;798;Bakaleya;Rollton 70gr
799.png;799;Bakaleya;Rollton 90gr Kimchi
800.png;800;Bakaleya;Rollton 90gr
801.png;801;Bakaleya;Rollton 90gr
802.png;802;Bakaleya;Rollton 85gr Mix
803.png;803;Bakaleya;Rollton 60gr Mol go'sht
804.png;804;Bakaleya;Rollton 60gr Tovuq
805.png;805;Bakaleya;Keshyu Tuzli 40 gr
806.png;806;Yong'oq va quruq meva;Ermak Keshu 40gr
807.png;807;Chips va gazaklar;Ermak Pista Magzi 55gr
808.png;808;Yong'oq va quruq meva;Ermak Mix Shirin 45gr
809.png;809;Yong'oq va quruq meva;Ermak Pista 30gr
810.png;810;Yong'oq va quruq meva;Ermak Bodom 40gr
811.png;811;Yong'oq va quruq meva;Ermak Araxis 50gr
812.png;812;Sut mahsulotlari;Ermak Qurt 150gr
813.png;813;Sut mahsulotlari;Ermak Qurt 60gr
814.png;814;Sut mahsulotlari;Ermak Qurt 47gr
815.png;815;Sut mahsulotlari;Ermak Qurt 30gr
816.png;816;Yong'oq va quruq meva;Ermak 200gr
817.png;817;Yong'oq va quruq meva;Ermak 160gr
818.png;818;Yong'oq va quruq meva;Ermak 100gr
819.png;819;Gigiena;Kotex Ultra Normar Single Pad
820.png;820;Gigiena;Kotex Ultra Cotton Single 10x16
821.png;821;Gigiena;Kotex Ultra Super Single 8x10
822.png;822;Gigiena;Kotex Ultra Young Normal 8x16
823.png;823;Gigiena;Kotex Ultra Super 8x10
824.png;824;Gigiena;Kotex Ultra Extra Protect 5x16
825.png;825;Gigiena;Kotex Young Night 6x24
826.png;826;Bakaleya;Kotex Tampun Super 16x12
827.png;827;Bakaleya;Kotex Tampun Mini 16x12
828.png;828;Bakaleya;Kotex Tampun Super 8x24
829.png;829;Gigiena;Kotex Young 16x16
830.png;830;Gigiena;Kotex Bio Care 40x10
831.png;831;Gigiena;Kotex Bio Care 20x12
832.png;832;Gigiena;Kotex Natural Normal 20x16
833.png;833;Gigiena;Kotex Natural Normal 40x16
834.png;834;Gigiena;Kotex Ultra Deo 20x16
835.png;835;Gigiena;Kotex Ultra Deo 56x16
836.png;836;Gigiena;Kotex Super Slim 56x16
837.png;837;Gigiena;Kotex Normal Deo 56x16
838.png;838;Gigiena;Kotex Normal 56x16
839.png;839;Gigiena;Huggies Dry xPad Jumbo 5*42
840.png;840;Gigiena;Huggies Dry xPad Jumbo 4*50
841.png;841;Gigiena;Huggies Dry xPad Jumbo 3*58
842.png;842;Gigiena;Huggies Dry eXpert Jumbo 6*28
843.png;843;Gigiena;Huggies Dry eXpert Jumbo 5*36
844.png;844;Gigiena;Huggies Dry eXpert Jumbo 4*40
845.png;845;Gigiena;Huggies Dry eXpert Jumbo 3*46
846.png;846;Gigiena;Huggies Classic Jumbo 5*42
847.png;847;Gigiena;Huggies Classic Jumbo 4*50
848.png;848;Gigiena;Huggies Classic Jumbo 3*58
849.png;849;Gigiena;Huggies Classic Mega 4*68
850.png;850;Gigiena;Huggies Classic Mega 3*78
851.png;851;Gigiena;Huggies Classic Small 5*11
852.png;852;Gigiena;Huggies Classic Small 4*14
853.png;853;Gigiena;Huggies Classic Small 3*16
854.png;854;Gigiena;Huggies Pants Mix
855.png;855;Gigiena;Huggies Ultra Comfort Giga Girl 5*64
856.png;856;Gigiena;Huggies Ultra Comfort Giga Girl 4*80
857.png;857;Gigiena;Huggies Ultra Comfort Giga Girl 3*94
858.png;858;Gigiena;Huggies Ultra Comfort Giga Boy 5*64
859.png;859;Gigiena;Huggies Ultra Comfort Giga Boy 4*80
860.png;860;Gigiena;Huggies Ultra Comfort Giga Boy 3*94
861.png;861;Gigiena;Huggies Ultra Comfort Giga Boy 4*68
862.png;862;Gigiena;Huggies Ultra Comfort Girl 5*15
863.png;863;Gigiena;Huggies Ultra Comfort Girl 4*19
864.png;864;Gigiena;Huggies Ultra Comfort Girl 3*21
865.png;865;Gigiena;Huggies Ultra Comfort Boy 5*15
866.png;866;Gigiena;Huggies Ultra Comfort Boy 4*19
867.png;867;Gigiena;Huggies Ultra Comfort Boy 3*21
868.png;868;Gigiena;Huggies Elite Soft Pants 5*21
869.png;869;Gigiena;Huggies Elite Soft Pants 4*21
870.png;870;Souslar va yog'lar;SALOMATLIK OIL 2L
871.png;871;Gigiena;Huggies Elite Soft Jumbo 4*33
872.png;872;Gigiena;Huggies Elite Soft  Jumbo 3*40
873.png;873;Souslar va yog'lar;DONSKAYA YANTAR 2L
874.png;874;Gigiena;Huggies Elite Soft 2 Jumbo 2*50
875.png;875;Gigiena;Huggies Elite Soft 1 Jumbo 1*50
876.png;876;Gigiena;Huggies Elit Soft 5*17
877.png;877;Souslar va yog'lar;Avedov
878.png;878;Gigiena;Huggies Elit Soft 2*19
879.png;879;Gigiena;Huggies Elit Soft 3*21
880.png;880;Gigiena;Huggies Elit Soft 2*20
881.png;881;Gigiena;Huggies Elit Soft 1*20
882.png;882;Souslar va yog'lar;SIFAT Paxta yog'i 5L
883.png;883;Sut mahsulotlari;OLEYNA MASLA PODSELNECHNOE 2L
884.png;884;Souslar va yog'lar;ARAY 5L
885.png;885;Souslar va yog'lar;Alina 5l Pista Yog
886.png;886;Souslar va yog'lar;YARKO 5L (QIZIL QOPQOQ)
887.png;887;Sut mahsulotlari;YARKO PODSOLNECHNOE MASLA 2L
888.png;888;Souslar va yog'lar;YARKO PISTA YOG'I 1L
889.png;889;Souslar va yog'lar;Oleyna Pista Yog'i 1L
890.png;890;Bakaleya;Makfa Pautinka 400g
891.png;891;Bakaleya;Makfa Spagetti 585g
892.png;892;Souslar va yog'lar;Sifat Paxta Yogi 5l
893.png;893;Souslar va yog'lar;Amoy Soya 180ml
894.png;894;Souslar va yog'lar;Amoy Soya 500ml
895.png;895;Bakaleya;Angel Droj 500gr
896.png;896;Bakaleya;Bakerdream Droj 500gr
897.png;897;Bakaleya;Non Soda 500gr
898.png;898;Souslar va yog'lar;Riga Gold Kilka Tomat 240gr
899.png;899;Sut mahsulotlari;Riga Gold Shprot Masla 240gr
900.png;900;Sut mahsulotlari;Riga Gold Shprot Masla 160gr
901.png;901;Souslar va yog'lar;Veranda Jalapeno 720ml
902.png;902;Souslar va yog'lar;Riga Gold Kilka Tomatniy 280gr
903.png;903;Sut mahsulotlari;Riga Gold Shprot Masla 250gr
904.png;904;Souslar va yog'lar;Speszakas Tushonka 525gr
905.png;905;Souslar va yog'lar;Oasis Ananas 580ml
906.png;906;Souslar va yog'lar;Veranda Ananas 580ml
907.png;907;Souslar va yog'lar;Veranda Jalapeno 370ml
908.png;908;Souslar va yog'lar;Oasis Zaytun Kok-Qora
909.png;909;Souslar va yog'lar;Coopoliva Zaytun Kok Danaksiz
910.png;910;Souslar va yog'lar;Coopoliva Zaytun Qora Danaksiz
911.png;911;Souslar va yog'lar;Oasis Zaytun Yogi 1l
912.png;912;Souslar va yog'lar;Oasis Zaytun Yogi 250ml
913.png;913;Souslar va yog'lar;Coopoliva Zaytun Yogi 250ml
914.png;914;Souslar va yog'lar;Veranda Zaytun Yogi 250ml
915.png;915;Souslar va yog'lar;Veranda Zaytun Yogi 500ml
916.png;916;Souslar va yog'lar;Oasis Zaytun Yogi 500ml
917.png;917;Souslar va yog'lar;Coopoliva Zaytun Yogi 500ml
918.png;918;Gigiena;Rexona Stik Women 50ml
919.png;919;Gigiena;Rexona Stik Men 50ml
920.png;920;Gigiena;Rexona Desodrant Women 200ml
921.png;921;Gigiena;Rexona Desodrant Women 150ml
922.png;922;Gigiena;Rexona Desodrant Men 200ml
923.png;923;Gigiena;Rexona Desodrant Men 150ml
924.png;924;Bakaleya;Dove Shampun 375ml
925.png;925;Bakaleya;Clear Shapmun Men 580ml
926.png;926;Bakaleya;Clear Shapmun Women 380ml
927.png;927;Bakaleya;Clear Shapmun Men 380ml
928.png;928;Bakaleya;Clear Shapmun Women 180ml
929.png;929;Bakaleya;Clear Shampun Men 180ml
930.png;930;Bakaleya;Ushashtniy Nyanya Sovun 90gr
931.png;931;Bakaleya;Ushashtniy Nyanya Kir Soda 9kg
932.png;932;Bakaleya;Ushashtniy Nyanya Kir Soda 800gr
933.png;933;Bakaleya;Ushashtniy Nyanya Kir Soda 6kg
934.png;934;Bakaleya;Ushashtniy Nyanya Kir Soda 4.5kg
935.png;935;Bakaleya;Ushashtniy Nyanya Kir Soda 400gr
936.png;936;Bakaleya;Ushashtniy Nyanya Kir Soda 2.4kg
937.png;937;Bakaleya;Ushashtniy Nyanya Sovun Xojalik
938.png;938;Bakaleya;Ushashtniy Nyanya Shampun 200ml
939.png;939;Gigiena;Deonica Desodrant Women 200ml
940.png;940;Gigiena;Deonica Desodrant Men 200ml
941.png;941;Bakaleya;Moya Prelest Shampun 250ml
942.png;942;Bakaleya;Prelest Lak Soch Uchun 200ml
943.png;943;Bakaleya;Prelest Lak Soch Uchun 160ml
944.png;944;Kofe va choy;Mentolis Saqich
945.png;945;Shirinliklar;Kango Saqich
946.png;946;Shirinliklar;Zizi Saqich
947.png;947;Gigiena;Nu Pogodi Bumaga
948.png;948;Gigiena;Pok Aroma Bumaga 6pcs
949.png;949;Gigiena;Kristall Bumaga 6pcs
950.png;950;Kofe va choy;Cafe Creme 45gr
951.png;951;Kofe va choy;Senator Coffe 85gr
952.png;952;Gigiena;Elma Salfetka 100pcs
953.png;953;Gigiena;Elma Polotensa 2pcs
954.png;954;Gigiena;Elma Aroma Bumaga 8pcs
955.png;955;Gigiena;Elma Panda Bumaga 8pcs
956.png;956;Gigiena;Elma Panda Bumaga 6pcs
957.png;957;Gigiena;Elma Mini Salfetka 120pcs
958.png;958;Gigiena;Elma Mini Salfetka 72pcs
959.png;959;Gigiena;Elma Premium 25pcs
960.png;960;Gigiena;Elma Lady Nam Salfetka 15pcs
961.png;961;Gigiena;Elma King Baby 100pcs
962.png;962;Gigiena;Elma Antibacterial Effect 100pcs
963.png;963;Gigiena;Elma Antibacterial 100pcs
964.png;964;Gigiena;Elma Bolalar Nam Salfetka 72pcs
965.png;965;Gigiena;Elma Bolalar Nam Salfetka 120pcs
966.png;966;Gigiena;Kerasys Proactive Men 400ml
967.png;967;Bakaleya;Kerasys Shampun Advanced 600ml
968.png;968;Bakaleya;Kerasys Sovun 100gr
969.png;969;Bakaleya;Kerasys Shampun Perfume 600ml
970.png;970;Bakaleya;Kerasys Shampun Oreintal 600ml
971.png;971;Gigiena;Kerasys Shampon Clinic 600ml
972.png;972;Gigiena;Pansy Air Fresh Long 10dona
973.png;973;Gigiena;Kerasys Homme Men 550ml
974.png;974;Bakaleya;Perla Soda 3kg
975.png;975;Shirinliklar;Prokladka Oyijon 10dona
976.png;976;Uy-ro'zg'or;Ariel Kapsula 60dona
977.png;977;Gigiena;Molfix 6 Mega 80 dona
978.png;978;Bakaleya;Elseve Shampun 700ml
979.png;979;Bakaleya;Elseve Shampun 250ml
980.png;980;Gigiena;Perla Kunlik 60dona
981.png;981;Gigiena;Perla Kunlik  20dona
982.png;982;Gigiena;Perla Classic Comfort Night 3
983.png;983;Bakaleya;Elseve Shampun 400ml
984.png;984;Gigiena;Perla Classic Comfort Long 2
985.png;985;Gigiena;Perla Classic Comfort 1
986.png;986;Bakaleya;Romolcha Sovun
987.png;987;Bakaleya;Sovun Setka
988.png;988;Bakaleya;Meva Sovun
989.png;989;Gigiena;Loris Parfum 120ml
990.png;990;Gigiena;Perla Air Dry 3
991.png;991;Gigiena;Perla Air Dry 2
992.png;992;Bakaleya;Sev Suyuq Sovun 500ml
993.png;993;Gigiena;Perla Air Dry 1
994.png;994;Bakaleya;Sev Suyuq Sovun 450ml
995.png;995;Bakaleya;Eclair Suyuq Sovun 830ml
996.png;996;Bakaleya;Olivia Suyuq Sovun 300ml
997.png;997;Gigiena;Perla Nam Salfetka 72dona
998.png;998;Bakaleya;Olivia Suyuq Sovun 500ml
999.png;999;Gigiena;Perla Nam Salfetka 120dona
1000.png;1000;Bakaleya;Grass Suyuq Sovun 1000ml
1001.png;1001;Boshqa;Sev Gel 550ml
1002.png;1002;Boshqa;Sev Gel 1000ml
1003.png;1003;Boshqa;Crystal Gel 500ml
1004.png;1004;Ichimliklar;Kaplya Toshkent 500ml
1005.png;1005;Uy-ro'zg'or;Kaplya Rus 500gr
1006.png;1006;Uy-ro'zg'or;Billur Chistol 400gr
1007.png;1007;Gigiena;Perla 6 Giga XL 66dona
1008.png;1008;Uy-ro'zg'or;Chistolin 500gr
1009.png;1009;Gigiena;Perla 5 Giga Junior 76dona
1010.png;1010;Uy-ro'zg'or;Biolan Antijir 400gr
1011.png;1011;Bakaleya;Chistin Soda 400gr
1012.png;1012;Gigiena;Perla 4 Giga Maxi 90dona
1013.png;1013;Bakaleya;Pemolux Soda 480gr
1014.png;1014;Gigiena;Perla 6 Mega XL 36dona
1015.png;1015;Gigiena;Antabax Gel 1.3kg
1016.png;1016;Gigiena;Antabax Gel 500ml
1017.png;1017;Uy-ro'zg'or;Chistin Omega-Belizna 950gr
1018.png;1018;Gigiena;Perla 5 Mega Junior 42dona
1019.png;1019;Uy-ro'zg'or;Chistin WS Gel 750ml
1020.png;1020;Gigiena;Perla 4 Mega Maxi 50dona
1021.png;1021;Gigiena;Perla 3 Mega Mini 56dona
1022.png;1022;Gigiena;Perla 2 Mega Mini 66dona
1023.png;1023;Gigiena;Perla 1 Mega 68dona
1024.png;1024;Uy-ro'zg'or;Billur Unitaz Gel 750ml
1025.png;1025;Uy-ro'zg'or;Billur Antijir 450ml
1026.png;1026;Uy-ro'zg'or;Sanita Antinalyot-Metal 500ml
1027.png;1027;Uy-ro'zg'or;Sanita Antijir-Kazan 500ml
1028.png;1028;Gigiena;Utenok Gel Tualetniy 500ml
1029.png;1029;Gigiena;Utenok Gel Tualetniy 900ml
1030.png;1030;Gigiena;Perla Mini 5
1031.png;1031;Uy-ro'zg'or;Xayat Oyna 575ml
1032.png;1032;Gigiena;Perla Mini 4
1033.png;1033;Gigiena;Perla Mini 3
1034.png;1034;Uy-ro'zg'or;Grass Grill 600ml
1035.png;1035;Gigiena;Perla Mini 2
1036.png;1036;Gigiena;Perla Mini 1
1037.png;1037;Uy-ro'zg'or;Grass Gloss 600ml
1038.png;1038;Uy-ro'zg'or;Grass Torus 600ml
1039.png;1039;Uy-ro'zg'or;Grass Universal 600ml
1040.png;1040;Uy-ro'zg'or;Grass Azelit
1041.png;1041;Gigiena;Doctor-s 1.8l
1042.png;1042;Bakaleya;Doctor-s Shampun 750l
1043.png;1043;Bakaleya;Doctor-s Shampun 1l
1044.png;1044;Bakaleya;Doctor-s Shampun 1.8l
1045.png;1045;Bakaleya;Adolph Shampun 500ml
1046.png;1046;Bakaleya;Haservay Shampun 800ml
1047.png;1047;Bakaleya;Aogu Shampun 800ml
1048.png;1048;Uy-ro'zg'or;Max Gel 300gr
1049.png;1049;Uy-ro'zg'or;Max Gel 200gr
1050.png;1050;Uy-ro'zg'or;Max Gel 1kg
1051.png;1051;Uy-ro'zg'or;Genius Gel 5l
1052.png;1052;Uy-ro'zg'or;Yumsa Gel 5l
1053.png;1053;Uy-ro'zg'or;Palmera Osvejitel
1054.png;1054;Uy-ro'zg'or;Hayat Asvejitel
1055.png;1055;Uy-ro'zg'or;Air Max
1056.png;1056;Uy-ro'zg'or;Air Smart
1057.png;1057;Uy-ro'zg'or;Air Time
1058.png;1058;Uy-ro'zg'or;Brilliant Gel 5l
1059.png;1059;Uy-ro'zg'or;Econom Gel 5l
1060.png;1060;Uy-ro'zg'or;Million Gel 3l
1061.png;1061;Uy-ro'zg'or;Brilliant Gel 3l
1062.png;1062;Uy-ro'zg'or;Vernel Gel 1440ml
1063.png;1063;Uy-ro'zg'or;Vernel Gel 870ml
1064.png;1064;Uy-ro'zg'or;Perwoll Gel 2.97l
1065.png;1065;Uy-ro'zg'or;Perwoll Gel 2l
1066.png;1066;Uy-ro'zg'or;Perwoll Gel 1l
1067.png;1067;Uy-ro'zg'or;Persil Gel 1.040l
1068.png;1068;Uy-ro'zg'or;Persil Gel 1.69l
1069.png;1069;Uy-ro'zg'or;Persil Gel 2.145l
1070.png;1070;Uy-ro'zg'or;Eron Gel 1.1kg
1071.png;1071;Uy-ro'zg'or;Eron Gel 2.7kg
1072.png;1072;Uy-ro'zg'or;Yumos Extra Mix 1440ml
1073.png;1073;Gigiena;Nivea Must Lasion
1074.png;1074;Gigiena;Nivea Men Gel Britva
1075.png;1075;Gigiena;Nivea Men Pena
1076.png;1076;Gigiena;Nivea Women Gel for bath 250gr
1077.png;1077;Gigiena;Nivea Men Gel Dlya Dush
1078.png;1078;Gigiena;Nivea Men 50gr
1079.png;1079;Gigiena;Nivea Women Stick
1080.png;1080;Gigiena;Nivea Women Rollik
1081.png;1081;Gigiena;Nivea Men Rollik
1082.png;1082;Gigiena;Nivea Soft Cream 100gr
1083.png;1083;Boshqa;Nive Shayba 75gr
1084.png;1084;Gigiena;Nivea Shayba 30g
1085.png;1085;Gigiena;Nivea Spray Women 150ml
1086.png;1086;Gigiena;Nivea Spray Men 150ml
1087.png;1087;Uy-ro'zg'or;Ariel 3kg
1088.png;1088;Sut mahsulotlari;Maloko Zayka 550gr
1089.png;1089;Sut mahsulotlari;Lakomka Maloko 550gr
1090.png;1090;Sut mahsulotlari;Lakomka Maloko 320gr
1091.png;1091;Sut mahsulotlari;Maloko Zayka 320gr
1092.png;1092;Sut mahsulotlari;Lakomka 8.5% 1kg
1093.png;1093;Sut mahsulotlari;Maselka Zayka 1kg
1094.png;1094;Souslar va yog'lar;Mayonez 160gr
1095.png;1095;Souslar va yog'lar;Mayonez Premium Gold 160gr
1096.png;1096;Souslar va yog'lar;Mayonez Premium Gold 67% 360gr
1097.png;1097;Souslar va yog'lar;Mayonez 360gr
1098.png;1098;Souslar va yog'lar;Mayonez Lyogkiy 25% 360gr
1099.png;1099;Souslar va yog'lar;Ketchup Classic 500gr
1100.png;1100;Souslar va yog'lar;Ketchup Classic 300gr
1101.png;1101;Sut mahsulotlari;Maselka Zayka 340gr
1102.png;1102;Sut mahsulotlari;Maselka Mayonez 770gr
1103.png;1103;Sut mahsulotlari;Maselka Sous Mix
1104.png;1104;Sut mahsulotlari;Maselka Nachinka 1kg
1105.png;1105;Sut mahsulotlari;Lakomka 8.5% 500gr
1106.png;1106;Souslar va yog'lar;Mayonez Premium Gold 770gr
1107.png;1107;Souslar va yog'lar;Horeca Ketchup 800gr
1108.png;1108;Souslar va yog'lar;Xoreka Mayonez 35% 800gr
1109.png;1109;Sut mahsulotlari;Milkino Moloko 8.5% 900gr
1110.png;1110;Sut mahsulotlari;Maselka Zayka 8.5% 900gr
1111.png;1111;Sut mahsulotlari;Maselka Lakomka 8.5% 900gr
1112.png;1112;Sut mahsulotlari;Maselka Zayka 8.5% 500gr
1113.png;1113;Uy-ro'zg'or;Fairy Gel 500ml
1114.png;1114;Uy-ro'zg'or;Fairy Gel 1350ml
1115.png;1115;Uy-ro'zg'or;Fairy Gel 1500ml
1116.png;1116;Uy-ro'zg'or;Fairy Gel 750ml
1117.png;1117;Uy-ro'zg'or;Fairy Gel 1000ml
1118.png;1118;Gigiena;H&SH Balzam/Shampoo
1119.png;1119;Gigiena;Head & Shoulders Men ultra 360ml
1120.png;1120;Gigiena;Head & Shoulders 360gr
1121.png;1121;Gigiena;Pro Series Shampoo 500ml
1122.png;1122;Gigiena;Head & Shoulders 1000ml
1123.png;1123;Gigiena;Head & Shoulders 600ml
1124.png;1124;Gigiena;Head & Shoulders 200ml
1125.png;1125;Gigiena;Pantene Balzam 275ml
1126.png;1126;Gigiena;Pantene Shampoo 250ml
1127.png;1127;Gigiena;Pantene Shampoo 400ml
1128.png;1128;Gigiena;Pantene Shampoo 325ml
1129.png;1129;Gigiena;Pantene Shampoo 400ml
1130.png;1130;Gigiena;Discreet 100dona Mix
1131.png;1131;Gigiena;Discreet 60dona mix
1132.png;1132;Gigiena;Discreet 20dona Mix
1133.png;1133;Gigiena;Naturella Ultra 8 dona
1134.png;1134;Gigiena;Always Prokladki Mix
1135.png;1135;Gigiena;Old Spice Shampoo Mix 400ml
1136.png;1136;Gigiena;Safeguard 225ml
1137.png;1137;Gigiena;Always L 48dona
1138.png;1138;Gigiena;Always L 24dona
1139.png;1139;Gigiena;Always L 26dona
1140.png;1140;Gigiena;Always XL 24dona
1141.png;1141;Uy-ro'zg'or;Tornado Granul 70gr
1142.png;1142;Uy-ro'zg'or;Chisto Lyub 400gr
1143.png;1143;Uy-ro'zg'or;Fairy 900ml
1144.png;1144;Souslar va yog'lar;Tide Avtomat  450gr
1145.png;1145;Souslar va yog'lar;Mif Avtomat 1.7kg
1146.png;1146;Souslar va yog'lar;Mif Avtomat 3v1 2kg
1147.png;1147;Souslar va yog'lar;Mif Avtomat Mix Karobka 400gr
1148.png;1148;Souslar va yog'lar;Ariel Avtomat karobka 450gr
1149.png;1149;Uy-ro'zg'or;Duracell Battery katta
1150.png;1150;Uy-ro'zg'or;Duracell battery kichik
1151.png;1151;Gigiena;Naturella Ultra
1152.png;1152;Gigiena;Gilette Gel Antiperspirant 70ml
1153.png;1153;Gigiena;Gilette Sensor3+ Comfort
1154.png;1154;Gigiena;Gilette Cleansing 200ml
1155.png;1155;Gigiena;Gilette Shave Gel 200ml
1156.png;1156;Gigiena;Gilette Shave Foam 200ml
1157.png;1157;Gigiena;Gilette Shave Foam 300ml
1158.png;1158;Gigiena;Gilette Shave Foam 200ml
1159.png;1159;Gigiena;Gilette Mach3
1160.png;1160;Gigiena;Gilette Blue 3 Plus
1161.png;1161;Gigiena;Old Spice Shampoo 400ml
1162.png;1162;Gigiena;Old Spice Deodrant 50ml
1163.png;1163;Gigiena;Old Spice Deodrant Mix 150ml
1164.png;1164;Gigiena;Old Spice Whitewater 70ml
1165.png;1165;Gigiena;Old Spice Captain 70ml
1166.png;1166;Gigiena;SafeGuard Kids
1167.png;1167;Bakaleya;SafeGuard Sovun
1168.png;1168;Gigiena;Gilette Venus Simply Smooth
1169.png;1169;Gigiena;Gilette Venus Smooth Miami
1170.png;1170;Gigiena;Gilette Simply Venus Basic
1171.png;1171;Gigiena;Gilette Venus Tropical 3dona
1172.png;1172;Gigiena;Gilette Simply Venus 3
1173.png;1173;Gigiena;Gilette Simply Venus 2
1174.png;1174;Gigiena;Gilette ProGlide
1175.png;1175;Gigiena;Gilette Fusion 5
1176.png;1176;Gigiena;Gilette Mach3 Charcoal
1177.png;1177;Gigiena;Gilette 2 Donali
1178.png;1178;Gigiena;Gilette 2 5dona
1179.png;1179;Gigiena;Gilette Blue II Plus
1180.png;1180;Gigiena;Gilette Mach 3 Havo rang donasi
1181.png;1181;Gigiena;Gilette Fusion 5 Apelsin rang donasi
1182.png;1182;Uy-ro'zg'or;Tide Avt Color Lenor 2.5kg
1183.png;1183;Uy-ro'zg'or;Ariel Avt Color 2.5kg
1184.png;1184;Uy-ro'zg'or;Ariel Avt 2v1 Lenor Fresh 2.5kg
1185.png;1185;Kofe va choy;Zamin 71 Zip 350gr
1186.png;1186;Kofe va choy;Zamin 8810 1kg
1187.png;1187;Kofe va choy;Zamin 8008 250gr
1188.png;1188;Kofe va choy;Zamin 8008 125gr
1189.png;1189;Kofe va choy;Zamin 71 A Zip 400gr
1190.png;1190;Kofe va choy;Zamin Premium 400gr
1191.png;1191;Kofe va choy;Zamin 8008 400gr
1192.png;1192;Kofe va choy;Zamin Kenya Gold 200gr
1193.png;1193;Kofe va choy;Zamin 8008 1kg
1194.png;1194;Kofe va choy;Zamin 8810 125gr
1195.png;1195;Kofe va choy;Zamin 8810 250gr
1196.png;1196;Kofe va choy;Zamin Premium 200gr
1197.png;1197;Kofe va choy;Zamin 71A Zip 200gr
1198.png;1198;Kofe va choy;Zamin Kenya Gold 350gr
1199.png;1199;Kofe va choy;Zamin 8810 400gr
1200.png;1200;Kofe va choy;Zamin 110 80gr
1201.png;1201;Kofe va choy;Zamin BOP 80gr
1202.png;1202;Kofe va choy;Zamin 95 80gr
1203.png;1203;Kofe va choy;Zamin Aroma 300gr
1204.png;1204;Kofe va choy;Zamin Kenya Gold 100gr
1205.png;1205;Kofe va choy;Zamin 4011 400gr
1206.png;1206;Kofe va choy;Zamin 110 200gr
1207.png;1207;Kofe va choy;Zamin 110 400gr
1208.png;1208;Kofe va choy;Zamin 110 Samarkand 300gr
1209.png;1209;Kofe va choy;Zamin Aroma 400gr
1210.png;1210;Kofe va choy;Zamin Aroma 200gr
1211.png;1211;Kofe va choy;Zamin Eron BOP 2 1kg
1212.png;1212;Kofe va choy;Zamin 71 A 1kg
1213.png;1213;Kofe va choy;Zamin Zira Choy 1kg
1214.png;1214;Kofe va choy;Zamin Eron BOP 1kg
1215.png;1215;Kofe va choy;Bekoy Aroma 400gr
1216.png;1216;Kofe va choy;Bekoy Z8 500gr
1217.png;1217;Kofe va choy;Zamin 110 Choyxona Choy 2kg
1218.png;1218;Kofe va choy;Bekoy Aroma 200gr
1219.png;1219;Kofe va choy;Bekoy Z110 200gr
1220.png;1220;Kofe va choy;Zamin 71 Baklashka 800gr
1221.png;1221;Kofe va choy;Zamin Sovga 200 gr
1222.png;1222;Kofe va choy;Zamin 71 Baklashka 300gr
1223.png;1223;Kofe va choy;Zamin OPA 1kg
1224.png;1224;Kofe va choy;Zamin Xushboy 3kg
1225.png;1225;Kofe va choy;Zamin 95 1kg
1226.png;1226;Kofe va choy;Zamin Kenya Gold 1kg
1227.png;1227;Kofe va choy;Bekoy Aroma Qora choy 50gr
1228.png;1228;Kofe va choy;Bekoy Z47 Ko'k choy 50gr
1229.png;1229;Kofe va choy;Zamin 71 Zira 1kg shtrix yoq
1230.png;1230;Kofe va choy;Zamin 71 Zira 1kg Matoviy
1231.png;1231;Kofe va choy;Zamin Zira Matoviy 1kg
1232.png;1232;Shirinliklar;Chocotella Duo  330gr
1233.png;1233;Shirinliklar;Chococream 300gr
1234.png;1234;Shirinliklar;Chococream 400gr
1235.png;1235;Shirinliklar;Chococream 500gr
1236.png;1236;Shirinliklar;Chococream 900gr
1237.png;1237;Shirinliklar;Zarqand Brownie Cookies 490gr
1238.png;1238;Shirinliklar;Zarqand Classic Cookies 530gr
1239.png;1239;Shirinliklar;Zarqand Parijel
1240.png;1240;Shirinliklar;Zarqand Orange Cookies 170gr
1241.png;1241;Shirinliklar;Zarqand Apple Cookies 170gr
1242.png;1242;Shirinliklar;Zarqand Mini Mango 180gr
1243.png;1243;Shirinliklar;Zarqand Mini Karamel 180gr
1244.png;1244;Shirinliklar;Zarand Dubai Cookies 210gr
1245.png;1245;Shirinliklar;Krember Bruni Mini 19gr
1246.png;1246;Shirinliklar;Krember Bruni Keks 40gr
1247.png;1247;Shirinliklar;Krember Blum 30gr
1248.png;1248;Shirinliklar;Krember Welnut 150gr
1249.png;1249;Shirinliklar;Krember Mr Donut 43gr
1250.png;1250;Shirinliklar;Krember Moon Ekran 1kg
1251.png;1251;Shirinliklar;Krember Ole 14gr
1252.png;1252;Shirinliklar;Krember Jovi 30gr
1253.png;1253;Shirinliklar;Krember Kidi Pirojniy 25gr
1254.png;1254;Shirinliklar;Krember Kidi Pirojni 35gr
1255.png;1255;Shirinliklar;Krember Cake up 55gr
1256.png;1256;Shirinliklar;Krember Bis Kvi Rulet 35gr
1257.png;1257;Sut mahsulotlari;Krember Toplyonoe Moloko 275gr
1258.png;1258;Shirinliklar;Krember Hazel 255gr
1259.png;1259;Shirinliklar;Krember Toplyonka 250gr
1260.png;1260;Shirinliklar;Krember Utrennee 230gr
1261.png;1261;Sut mahsulotlari;Krember Sgushonnie Moloko 280gr
1262.png;1262;Shirinliklar;Krember Tvorojnoe
1263.png;1263;Souslar va yog'lar;Krember Sgushonka 305gr
1264.png;1264;Shirinliklar;Krember Dumaloq 200gr
1265.png;1265;Shirinliklar;Krember Piknik 255gr
1266.png;1266;Shirinliklar;Krember Crispy Cream 500gr
1267.png;1267;Shirinliklar;Krember Frutti Fru 500gr
1268.png;1268;Shirinliklar;Krember Frutti Fru 900gr
1269.png;1269;Shirinliklar;Krember Koko Late 500gr
1270.png;1270;Shirinliklar;Krember Joy Candy 500gr
1271.png;1271;Ichimliklar;Krember Alpina Shokolad 1kg
1272.png;1272;Ichimliklar;Krember Alpina Shkolad 500gr
1273.png;1273;Shirinliklar;Krember Shoko Mel 1kg
1274.png;1274;Shirinliklar;Krember Shoko Mel 500gr
1275.png;1275;Shirinliklar;Krember Vafli Oq Paket 280gr
1276.png;1276;Shirinliklar;Krember Rokki Kroki 280gr
1277.png;1277;Shirinliklar;Krember Rokki Kroki Vafli 300gr
1278.png;1278;Shirinliklar;Krember Cake Moon 200gr
1279.png;1279;Shirinliklar;Krember Rondo 70gr
1280.png;1280;Shirinliklar;Krember Max Fun 73gr
1281.png;1281;Shirinliklar;Krember Ole 84gr
1282.png;1282;Shirinliklar;Krember Ole 182gr
1283.png;1283;Shirinliklar;Krember 5+ 200gr
1284.png;1284;Shirinliklar;Krember Bruni Mini Kakao 190gr
1285.png;1285;Shirinliklar;Krember Lemer 255 gr
1286.png;1286;Shirinliklar;Van Vansi Chips 1kg (YJF)
1287.png;1287;Souslar va yog'lar;Palmolive Sovun 150gr
1288.png;1288;Boshqa;Alif 12 donali
1289.png;1289;Ichimliklar;Pulpy 12 donali
1290.png;1290;Gigiena;Bamboozy Salfetka
1291.png;1291;Gigiena;Bamboozy Dispanser
1292.png;1292;Gigiena;Bamboozy Sochiq
1293.png;1293;Gigiena;Bamboozy Nam Salfetkalar
1294.png;1294;Gigiena;Bamboozy Bumaga
1295.png;1295;Gigiena;Bamboozy Vtulkali
1296.png;1296;Ichimliklar;Red bull 0.473 L
1297.png;1297;Ichimliklar;Red bull 0.355 L
1298.png;1298;Ichimliklar;Red bull 0,25 L
1299.png;1299;Shirinliklar;Bek Shirinlik Katta
1300.png;1300;Ichimliklar;Bahroma moxito kulubnika 75g
1301.png;1301;Shirinliklar;Deya Apachi 28gr
1302.png;1302;Shirinliklar;Deya Oreo kg
1303.png;1303;Sut mahsulotlari;Sharqona ToshQurt 50gr
1304.png;1304;Shirinliklar;Deya Miller Captain 200gr
1305.png;1305;Shirinliklar;Deya Miller Captain 200gr
1306.png;1306;Shirinliklar;Bondi Banan
1307.png;1307;Ichimliklar;Tip-Top Kids 250ml
1308.png;1308;Shirinliklar;Deya Ketler Kruasan Vanil Klubnika
1309.png;1309;Shirinliklar;Roshen Sitruis Mix Candy kg
1310.png;1310;Chips va gazaklar;Popcorn stakan
1311.png;1311;Sut mahsulotlari;Svalya Sir kg
1312.png;1312;Souslar va yog'lar;Deya Ketler Kurasan Malina
1313.png;1313;Shirinliklar;Deya Ketler Kurasan Vanilno
1314.png;1314;Shirinliklar;Deya Enso Molochni Vafli 200gr
1315.png;1315;Shirinliklar;Deya Enso Vafli 200gr
1316.png;1316;Ichimliklar;Kvas 2l
1317.png;1317;Meva-sabzavot;Tarvuz kg
1318.png;1318;Ichimliklar;Divniy Vkus 1.8l
1319.png;1319;Sut mahsulotlari;Sharqona bio qurt
1320.png;1320;Chips va gazaklar;PopCorn kg
1321.png;1321;Gigiena;Selen Salfetka Dona
1322.png;1322;Sut mahsulotlari;Qurt Ayron 670ml
1323.png;1323;Sut mahsulotlari;sharqona sir palichka
1324.png;1324;Sut mahsulotlari;Sharqona bio qurt
1325.png;1325;Sut mahsulotlari;YOGURT DOBROE 1,2% 260G
1326.png;1326;Ichimliklar;M&M 80GR SHOKOLAD
1327.png;1327;Sut mahsulotlari;Sharqona Anjir Qurt
1328.png;1328;Sut mahsulotlari;Sharqona Tog Qurt 35gr
1329.png;1329;Sut mahsulotlari;Sharqona Tosh Qurt
1330.png;1330;Chips va gazaklar;Sharqona Bodom
1331.png;1331;Chips va gazaklar;Sharqona Xandon Pista
1332.png;1332;Chips va gazaklar;Sharqona Keshu
1333.png;1333;Gigiena;Prima Bumaga
1334.png;1334;Muzqaymoq;IMPERIA DUBAI ICE CREAM
1335.png;1335;Shirinliklar;ROSHEN YUMMIS kg
1336.png;1336;Non va tuxum;SLOENOE TESTO SOMSA XAMIR 1kg
1337.png;1337;Souslar va yog'lar;ASAL TAMLI QIYOM KATTA
1338.png;1338;Ichimliklar;Hydrolife, пэт бутылка 0,5 л
1339.png;1339;Sut mahsulotlari;Sadaf sut AYRON 5%
1340.png;1340;Ichimliklar;Micco Mix 0.5L
1341.png;1341;Yong'oq va quruq meva;SEDANA kg
1342.png;1342;Ichimliklar;COCA COLA 0.5L ZERO
1343.png;1343;Ichimliklar;MORS 2l
1344.png;1344;Sut mahsulotlari;MOLOCHNAYA RADOST KEFIR 2.5%
1345.png;1345;Sut mahsulotlari;SMETANA 15% LEGKAYA 330gr
1346.png;1346;Shirinliklar;DALMATOVO SUXARI MOLOCHNOE
1347.png;1347;Sut mahsulotlari;SMETANA 25% LYUBIMAYA 330gr
1348.png;1348;Kolbasa va go'sht;TIM Eski DOKTORSKAYA
1349.png;1349;Kolbasa va go'sht;CARAVAN CHICKEN KURINNIE STRIP 1kg
1350.png;1350;Non va tuxum;KAL PATIR DONA
1351.png;1351;Meva-sabzavot;Semeranka OLMA kg
1352.png;1352;Ichimliklar;MICCO Mix 1L
1353.png;1353;Bakaleya;ZIRA kg
1354.png;1354;Shirinliklar;NISO, QOG'OZ, PISHIRISH UCHUN 42x37 15 DONA
1355.png;1355;Ichimliklar;MADAD SOK 1l
1356.png;1356;Sut mahsulotlari;TVAROG YOGSIZ 300gr
1357.png;1357;Shirinliklar;PECHAK QAND ODDIY kg
1358.png;1358;Shirinliklar;YASHKINO Xolvali vafli 200gr
1359.png;1359;Shirinliklar;ROSHEN BIM BОM
1360.png;1360;Kolbasa va go'sht;RIZO SARID QOY GOSHT
1361.png;1361;Kolbasa va go'sht;RIZO VODIY
1362.png;1362;Kolbasa va go'sht;RIZO MASKVA
1363.png;1363;Ichimliklar;RIZO PALTAVA
1364.png;1364;Kolbasa va go'sht;RIZO POKON
1365.png;1365;Kolbasa va go'sht;RIZO DOKTOR
1366.png;1366;Kolbasa va go'sht;RIZO OQIBAT
1367.png;1367;Kolbasa va go'sht;RIZO SETKA
1368.png;1368;Bolalar uchun;MASHA KASHA MOLOCHNAYA
1369.png;1369;Sut mahsulotlari;TILLA DUMOR XORAZM SIR kg
1370.png;1370;Ichimliklar;Gorilla, Mango Coconut 0.45l
1371.png;1371;Shirinliklar;RAXAT SYUPRIZ VAFLI kg
1372.png;1372;Sut mahsulotlari;QAYMAQ ASIL 200gr
1373.png;1373;Chips va gazaklar;KREKER FUNNYFISHES 400gr
1374.png;1374;Chips va gazaklar;KREKER BUKOVKI 400gr
1375.png;1375;Chips va gazaklar;KREKER SIBULKA 400gr
1376.png;1376;Chips va gazaklar;KREKER PASYANS 400gr
1377.png;1377;Sut mahsulotlari;NEJNIY KREKER 400gr
1378.png;1378;Shirinliklar;DALMATOVO SUXARIKI SLADKIE
1379.png;1379;Shirinliklar;DALMATOVO SUXARIKI SLADKIE
1380.png;1380;Bakaleya;AFSYANKA kg
1381.png;1381;Boshqa;ABI PALOCHKI kg
1382.png;1382;Chips va gazaklar;YERYONGOQ kg
1383.png;1383;Shirinliklar;Roshen, Карамелькино
1384.png;1384;Shirinliklar;ROSHEN SHIPUKA KARAMEL
1385.png;1385;Sut mahsulotlari;BOMAZZA TVAROJNAYA MIX
1386.png;1386;Uy-ro'zg'or;Persil 1.5kg
1387.png;1387;Sut mahsulotlari;CHECHIL SIR
1388.png;1388;Sut mahsulotlari;NOVVOT QAYMOQ
1389.png;1389;Sut mahsulotlari;PURE MILK YOGURT pet BANAN
1390.png;1390;Sut mahsulotlari;PURE MILK YOGURT pet QULUPNAY
1391.png;1391;Sut mahsulotlari;PURE MILK YOGURT pet SHAFTOLI
1392.png;1392;Sut mahsulotlari;PURE MILK YOGURT pet ANANAS
1393.png;1393;Sut mahsulotlari;PureMilky, TVAROG 5% 200gr
1394.png;1394;Sut mahsulotlari;PureMilky TVAROG 9% 200gr
1395.png;1395;Ichimliklar;FLAVIS can PEAR 450ml
1396.png;1396;Ichimliklar;MADAD TOK BARGI 0.7L
1397.png;1397;Sut mahsulotlari;AVEDOV PODSOLNECHNOE MASLA 5L
1398.png;1398;Ichimliklar;VIKO SOK YAGODI
1399.png;1399;Ichimliklar;VIKO SOK Mix
1400.png;1400;Sut mahsulotlari;ALISA SIR kg
1401.png;1401;Sut mahsulotlari;PUREMILKY SMETANA 20% 180gr
1402.png;1402;Sut mahsulotlari;PUREMILKY RYAJENKA 4% 480gr (Pet But)
1403.png;1403;Sut mahsulotlari;PUREMILKY KEFIR 3,2% 480gr (Pet But)
1404.png;1404;Sut mahsulotlari;PUREMILKY KEFIR 2,5% 480gr (Pet But)
1405.png;1405;Sut mahsulotlari;PUREMILKY KEFIR 1% 480gr (Pet But)
1406.png;1406;Sut mahsulotlari;PUREMILKY QAYMOQ 45% 180gr
1407.png;1407;Sut mahsulotlari;PUREMILKY QATIQ 3% 900gr (Satilcha)
1408.png;1408;Sut mahsulotlari;PUREMILKY KEFIR 1% 920gr (Pet But)
1409.png;1409;Sut mahsulotlari;PUREMILKY BIO KEFIR 2,5% 920gr (Pet But)
1410.png;1410;Sut mahsulotlari;PUREMILKY Sut 1% 1 liter
1411.png;1411;Sut mahsulotlari;PUREMILKY Sut 2,5% 1 liter
1412.png;1412;Uy-ro'zg'or;Magiya Max Fire 1.5kg
1413.png;1413;Uy-ro'zg'or;Magiya Max Fire 1kg
1414.png;1414;Souslar va yog'lar;KANZ BODRING MAYDA
1415.png;1415;Bakaleya;QOVUN kg
1416.png;1416;Ichimliklar;Evita, ПЭТ бутылка 0,5 л
1417.png;1417;Shirinliklar;DEYA MILLER VAFLI QORA
1418.png;1418;Shirinliklar;DEYA MILLER VAFLI
1419.png;1419;Shirinliklar;YJF Chips kg
1420.png;1420;Bakaleya;NOXOT UN kg
1421.png;1421;Yong'oq va quruq meva;KUNJUT kg
1422.png;1422;Sut mahsulotlari;Rashmilk tvarog kg
1423.png;1423;Shirinliklar;MILLER VAFLI OQ-QORA kg
1424.png;1424;Sut mahsulotlari;Yogurt Bomazza Mix
1425.png;1425;Sut mahsulotlari;Global milk smetana 375 25%
1426.png;1426;Yong'oq va quruq meva;PISTA TURKIYA
1427.png;1427;Kofe va choy;Sherin Senator
1428.png;1428;Ichimliklar;KANZ BODRING TOMAT SOK 1L
1429.png;1429;Souslar va yog'lar;KANZ QALAMPIR SUVLI 0.72ml
1430.png;1430;Ichimliklar;KANZ DUNGON QALAMPIR SOKLI 0.72ml
1431.png;1431;Souslar va yog'lar;AVRORA MAYDA BODRING 0.72ml
1432.png;1432;Sut mahsulotlari;SADAF SMETANA 25%
1433.png;1433;Shirinliklar;ROSHEN MOLOCHNAYA KAPLYA
1434.png;1434;Shirinliklar;ROSHEN MYATA KARAMEL
1435.png;1435;Sut mahsulotlari;MASELKO VIPECHKI 72% 200gr
1436.png;1436;Sut mahsulotlari;MASELKO SHOKOLADNIY 60% 230gr
1437.png;1437;Sut mahsulotlari;MASELKO DESERTNIY 40% 200gr
1438.png;1438;Yong'oq va quruq meva;SUBHON QOQI ZORI
1439.png;1439;Yong'oq va quruq meva;MIKS QURUQ MEVALAR
1440.png;1440;Sut mahsulotlari;QIRGIZ QAYMAQ 40% 250gr
1441.png;1441;Sut mahsulotlari;SMETANKA 20% 700gr
1442.png;1442;Sut mahsulotlari;MOZARELLA TURKIE
1443.png;1443;Shirinliklar;BEK RADUGA
1444.png;1444;Kolbasa va go'sht;SHERIN SETKA
1445.png;1445;Sut mahsulotlari;SADAF BRINZA kg
1446.png;1446;Uy-ro'zg'or;TIDE 6kg
1447.png;1447;Ichimliklar;ZAM ZAM MM HOLDING 5l
1448.png;1448;Shirinliklar;SUXARIK MAYIZLI
1449.png;1449;Ichimliklar;ZAM ZAM MM HOLDING 10L
1450.png;1450;Chips va gazaklar;SEMICHKA T6
1451.png;1451;Shirinliklar;PRANNIK PACHKA
1452.png;1452;Sut mahsulotlari;NOVVOT CHUPS OQ
1453.png;1453;Non va tuxum;Dona Tuxum
1454.png;1454;Non va tuxum;Uy non
1455.png;1455;Bakaleya;Lagmon 500gr
1456.png;1456;Bakaleya;Lagmon 300gr
1457.png;1457;Meva-sabzavot;PIYOZ
1458.png;1458;Meva-sabzavot;KARTOSHKA
1459.png;1459;Meva-sabzavot;SABZI
1460.png;1460;Sut mahsulotlari;RASHMILK SMETANA 10% 380gr
1461.png;1461;Sut mahsulotlari;RASHMILK QAYMOQ 45% 190gr
1462.png;1462;Sut mahsulotlari;SADAF QURT VAKUM
1463.png;1463;Sut mahsulotlari;SADAF RYAJENKA 3.2% 500gr
1464.png;1464;Sut mahsulotlari;SADAF KEFIR 1% 500gr
1465.png;1465;Sut mahsulotlari;SADAF KEFIR 4% BANKA
1466.png;1466;Sut mahsulotlari;SADAF TVAROG 400gr
1467.png;1467;Sut mahsulotlari;SADAF KEFIR 3.2% 500gr
1468.png;1468;Non va tuxum;TUXUM PACHKA 15 DONA
1469.png;1469;Non va tuxum;TUXUM PACHKA 10DONA
1470.png;1470;Sut mahsulotlari;Aksut SIR PLAVLENNIY
1471.png;1471;Kolbasa va go'sht;TOXTANIYOZ SOSISKA
1472.png;1472;Ichimliklar;FANTA 2L
1473.png;1473;Ichimliklar;FUSE TEA 1L MANGO MOYCHECHAK
1474.png;1474;Ichimliklar;GARDEN PET NOK 1.2L
1475.png;1475;Ichimliklar;GORILLA CAN 0.45
1476.png;1476;Ichimliklar;FLASH CAN ORIGINAL 0.45
1477.png;1477;Ichimliklar;SPRITE PET 0.5
1478.png;1478;Ichimliklar;Ays tea pet lesniye yagodi cherniy chay 1.25L
1479.png;1479;Ichimliklar;Ays tea pet shaftoli kok choy 1.25L
1480.png;1480;Ichimliklar;ROCKSTAR CAN ORIGINAL 0.5
1481.png;1481;Ichimliklar;NATAXTARI Mix 2L
1482.png;1482;Sut mahsulotlari;GLOBAL MILK 25% 900gr
1483.png;1483;Sut mahsulotlari;GLOBAL MILK 25% 500gr
1484.png;1484;Shirinliklar;Snickers Mix Mini kg
1485.png;1485;Shirinliklar;M&M's мол. шок. (EU) 112г
1486.png;1486;Shirinliklar;M&M's арахис (EU) 145gr
1487.png;1487;Sut mahsulotlari;AKBEL SIR
1488.png;1488;Sut mahsulotlari;KOSONSOY SIR
1489.png;1489;Sut mahsulotlari;SIR PALOCHKA
1490.png;1490;Kolbasa va go'sht;TIM RADUGA SOSISKA
1491.png;1491;Kolbasa va go'sht;TIM PIRAMIDA SASISKA
1492.png;1492;Kolbasa va go'sht;SHERIN SERVELAT
1493.png;1493;Kolbasa va go'sht;TOXTANIYOZ DOKTORSKAYA
1494.png;1494;Kolbasa va go'sht;TIM MOSKOVISKIE
1495.png;1495;Kolbasa va go'sht;ANDALUS DOKTORSKAYA
1496.png;1496;Kolbasa va go'sht;SHERIN SALYAMI
1497.png;1497;Kolbasa va go'sht;TOXTANIYOZ KORONA
1498.png;1498;Kolbasa va go'sht;TIM PALTAVSKIY
1499.png;1499;Kolbasa va go'sht;SHERIN POKON
1500.png;1500;Kolbasa va go'sht;DLYA ZAVTRIK TIM
1501.png;1501;Shirinliklar;TOXTANIYOZ LYUBIMAYA
1502.png;1502;Yong'oq va quruq meva;BANANZA
1503.png;1503;Yong'oq va quruq meva;PEKAN YONGOQ
1504.png;1504;Yong'oq va quruq meva;MAKADAMIYA
1505.png;1505;Yong'oq va quruq meva;ORTA BODOM
1506.png;1506;Yong'oq va quruq meva;MAYIZ ODDIY
1507.png;1507;Yong'oq va quruq meva;MUMTOZ PISTA
1508.png;1508;Yong'oq va quruq meva;DOLANA PISTA
1509.png;1509;Yong'oq va quruq meva;OLIY BODOM
1510.png;1510;Yong'oq va quruq meva;KESHU OLIY
1511.png;1511;Yong'oq va quruq meva;AKBARI PISTA
1512.png;1512;Yong'oq va quruq meva;KESHU ORTA
1513.png;1513;Yong'oq va quruq meva;QIZIL MANGIZ
1514.png;1514;Yong'oq va quruq meva;QANTAY QOQI KICHIK
1515.png;1515;Sut mahsulotlari;Dobro 1.3 kg
1516.png;1516;Sut mahsulotlari;Dobro 450 gr
1517.png;1517;Bolalar uchun;MASHA KASHA MANNAYA RISOVAYA
1518.png;1518;Shirinliklar;OYIJONIM QUYMOG'I
1519.png;1519;Shirinliklar;PIE CAKE + 8и (240 гр)
1520.png;1520;Shirinliklar;﻿﻿PIE CAKE Classic + 8x (240 гр)
1521.png;1521;Shirinliklar;﻿﻿﻿BROWNIE CAKE MULTI PACK (200 гр)
1522.png;1522;Shirinliklar;﻿﻿WAFFLE CAKE + 6 (270 гр)
1523.png;1523;Souslar va yog'lar;Zlatojar Pista Yogi 3l
1524.png;1524;Souslar va yog'lar;Alina 3l Pista Yog
1525.png;1525;Ichimliklar;MADAL ASARTI 0,5
1526.png;1526;Shirinliklar;YASHKINO KURUASAN KLUBNIKA 180gr
1527.png;1527;Shirinliklar;YASHKINO KURUASAN SLIVICHNOY KREM 180gr
1528.png;1528;Shirinliklar;BONDI JELEZOM
1529.png;1529;Shirinliklar;BONDI YODOM
1530.png;1530;Shirinliklar;BONDI KALSIEM
1531.png;1531;Ichimliklar;YASHKINO KURUASAN SHOKOLADNIY KREM 180gr
1532.png;1532;Shirinliklar;YASHKINO VAFLI ORESHKAMI 200gr
1533.png;1533;Shirinliklar;YASHKINO VAFLI LIMON-LAYM 300gr
1534.png;1534;Shirinliklar;YASHKINO VAFLI  SLIVICHNOY 200gr
1535.png;1535;Ichimliklar;YASHKINO VAFLI SHOKOLADNI 200gr
1536.png;1536;Souslar va yog'lar;YASHKINO VAFLI  SGUSHENKA 300gr
1537.png;1537;Shirinliklar;YASHKINO VAFLI  XALVOY 300gr
1538.png;1538;Shirinliklar;YASHKINO VAFLI  OREXOVOY 300gr
1539.png;1539;Ichimliklar;YASHKINO VAFLI SHOKOLADNI 300gr
1540.png;1540;Shirinliklar;YASHKINO VAFLI  OREXOVOY 200gr
1541.png;1541;Shirinliklar;YASHKINO VAFLI  SLIVICHNOY 300gr
1542.png;1542;Shirinliklar;YASHKINO VAFLI  GLAZIROVANNAYA 200gr
1543.png;1543;Souslar va yog'lar;YASHKINO VAFLI  SGUSHENKA 200gr
1544.png;1544;Bakaleya;MAKFA TRIOLLI 400gr
1545.png;1545;Bakaleya;Xorazm Lazer kg
1546.png;1546;Shirinliklar;Dur Novvot kg
1547.png;1547;Bakaleya;Oq Qand
1548.png;1548;Bakaleya;SHAKAR
1549.png;1549;Shirinliklar;ALBENI ROUND 320 GR
1550.png;1550;Gigiena;NISO FALGA 10meter
1551.png;1551;Sut mahsulotlari;КАРАМЕЛЬ Roshen Yogurtini 1кг
1552.png;1552;Shirinliklar;КАРАМЕЛь Roshen Butter-Milk 1кг
1553.png;1553;Shirinliklar;ROSHEN CRAZY BEE
1554.png;1554;Shirinliklar;ИРИС Milky Splash с молочной
1555.png;1555;Shirinliklar;CHOCOCREAM 600 gr
1556.png;1556;Shirinliklar;CHOCOCREAM 200  gr
1557.png;1557;Shirinliklar;Krember MOON CAKE VANIL 200gr
1558.png;1558;Boshqa;Майонез Махеевь "Провансаль" 50% пакет 380гр
1559.png;1559;Uy-ro'zg'or;PERSIL 3kg RUSSIA
1560.png;1560;Uy-ro'zg'or;Ariel Kopsula Dona
1561.png;1561;Boshqa;Ариел 1.5 кг
1562.png;1562;Uy-ro'zg'or;Tide 1.5 кг
1563.png;1563;Uy-ro'zg'or;TIDE 3kg
